,open,high,low,close,adjusted close,volume,dividend amount,split coefficient
2010-01-04,17.9,17.9,17.3499,17.62,1737.3218,311049,0.0,1.0
2010-01-05,17.6,17.91,17.37,17.66,1741.2658,174245,0.0,1.0
2010-01-06,17.63,17.82,17.48,17.69,1744.2238,216627,0.0,1.0
2010-01-07,17.6,18.3,17.6,18.02,1776.7616,343579,0.0,1.0
2010-01-08,18.12,18.2,17.5,17.54,1729.4339,276293,0.0,1.0
2010-01-11,17.29,17.847,17.21,17.54,1729.4339,199031,0.0,1.0
2010-01-12,17.9,18.92,17.82,18.59,1832.9633,273997,0.0,1.0
2010-01-13,18.48,19.0999,17.98,18.09,1783.6636,345013,0.0,1.0
2010-01-14,18.54,18.54,17.82,17.99,1773.8036,331865,0.0,1.0
2010-01-15,18.1,19.14,17.97,19.11,1884.235,374962,0.0,1.0
2010-01-19,19.42,19.42,18.46,18.57,1830.9913,356972,0.0,1.0
2010-01-20,18.67,19.04,18.58,18.6,1833.9493,226937,0.0,1.0
2010-01-21,18.71,19.15,18.06,18.88,1861.5571,412913,0.0,1.0
2010-01-22,19.1,20.8199,18.98,20.62,2033.1201,728483,0.0,1.0
2010-01-25,20.35,20.35,19.71,20.0152,1973.4872,306811,0.0,1.0
2010-01-26,20.41,20.4592,19.81,20.38,2009.4562,344268,0.0,1.0
2010-01-27,20.62,20.71,19.78,19.89,1961.1425,328364,0.0,1.0
2010-01-28,19.87,21.37,19.42,20.78,2048.896,734406,0.0,1.0
2010-01-29,20.56,22.51,20.25,22.16,2184.9632,595879,0.0,1.0
2010-02-01,22.12,22.12,20.96,21.11,2081.4338,324252,0.0,1.0
2010-02-02,21.0,21.11,20.33,20.52,2023.2602,407746,0.0,1.0
2010-02-03,20.51,20.96,20.34,20.57,2028.1901,216332,0.0,1.0
2010-02-04,21.0,22.28,20.97,22.19,2187.9212,464919,0.0,1.0
2010-02-05,22.29,22.47,21.12,21.23,2093.2658,325713,0.0,1.0
2010-02-08,21.15,21.69,20.53,21.38,2108.0557,394780,0.0,1.0
2010-02-09,20.68,21.27,20.39,20.84,2054.812,236937,0.0,1.0
2010-02-10,20.81,21.3,20.45,20.71,2041.9941,165113,0.0,1.0
2010-02-11,20.57,21.04,19.63,19.83,1955.2266,233150,0.0,1.0
2010-02-12,20.2,20.5,18.983,19.39,1911.8428,401647,0.0,1.0
2010-02-16,18.89,19.24,18.47,18.6,1833.9493,224174,0.0,1.0
2010-02-17,18.27,18.94,18.27,18.56,1830.0053,202891,0.0,1.0
2010-02-18,18.78,18.942,18.4,18.45,1819.1594,247155,0.0,1.0
2010-02-19,18.67,18.77,18.14,18.43,1817.1874,198156,0.0,1.0
2010-02-22,18.2,18.59,18.1,18.44,1818.1734,121121,0.0,1.0
2010-02-23,18.39,19.54,18.39,19.24,1897.0529,267980,0.0,1.0
2010-02-24,19.22,19.22,18.41,18.73,1846.7672,198414,0.0,1.0
2010-02-25,19.21,19.63,18.75,18.8,1853.6692,309853,0.0,1.0
2010-02-26,18.97,19.24,18.79,18.89,1862.5431,129796,0.0,1.0
2010-03-01,18.71,18.71,17.94,17.99,1773.8036,212898,0.0,1.0
2010-03-02,17.92,18.2695,17.63,18.11,1785.6356,140365,0.0,1.0
2010-03-03,18.08,18.5,17.86,18.37,1811.2714,144050,0.0,1.0
2010-03-04,18.39,18.8,18.24,18.35,1809.2994,178294,0.0,1.0
2010-03-05,18.12,18.4,17.75,17.9,1764.9297,201426,0.0,1.0
2010-03-08,17.77,17.99,17.72,17.94,1768.8736,122067,0.0,1.0
2010-03-09,18.0,18.19,17.54,17.89,1763.9437,278041,0.0,1.0
2010-03-10,17.9,17.9,17.14,17.32,1707.742,189560,0.0,1.0
2010-03-11,17.52,17.81,17.41,17.51,1726.4759,199997,0.0,1.0
2010-03-12,17.3,17.61,17.2601,17.53,1728.4479,98957,0.0,1.0
2010-03-15,17.68,18.0299,17.6,17.82,1757.0417,111770,0.0,1.0
2010-03-16,17.79,17.79,16.66,16.67,1643.6524,329949,0.0,1.0
2010-03-17,16.66,16.66,16.1378,16.23,1600.2686,211386,0.0,1.0
2010-03-18,16.4,16.71,16.19,16.45,1621.9605,214557,0.0,1.0
2010-03-19,16.45,17.13,16.43,16.89,1665.3443,376324,0.0,1.0
2010-03-22,17.16,17.22,16.23,16.24,1601.2546,218079,0.0,1.0
2010-03-23,16.2,16.2,15.59,15.65,1543.081,248993,0.0,1.0
2010-03-24,15.725,16.29,15.725,16.2,1597.3107,175756,0.0,1.0
2010-03-25,15.96,16.32,15.75,16.27,1604.2126,178856,0.0,1.0
2010-03-26,16.23,16.69,15.97,16.43,1619.9885,204954,0.0,1.0
2010-03-29,16.33,16.346,16.06,16.25,1602.2406,105601,0.0,1.0
2010-03-30,16.1399,16.42,15.92,16.13,1590.4087,100599,0.0,1.0
2010-03-31,16.33,16.36,15.93,16.28,1605.1986,124791,0.0,1.0
2010-04-01,15.96,16.5,15.65,16.26,1603.2266,170131,0.0,1.0
2010-04-05,16.07,16.07,15.4899,15.55,1533.221,209469,0.0,1.0
2010-04-06,15.56,15.91,15.56,15.72,1549.9829,162270,0.0,1.0
2010-04-07,15.72,15.96,15.37,15.64,1542.095,150040,0.0,1.0
2010-04-08,15.71,16.1899,15.71,15.93,1570.6888,180856,0.0,1.0
2010-04-09,15.81,15.97,15.61,15.61,1539.137,119806,0.0,1.0
2010-04-12,15.59,15.62,15.19,15.43,1521.3891,119894,0.0,1.0
2010-04-13,15.51,15.51,15.12,15.14,1492.7953,81961,0.0,1.0
2010-04-14,14.47,14.47,13.9001,13.98,1378.4199,410907,0.0,1.0
2010-04-15,13.92,13.92,13.52,13.64,1344.8961,252594,0.0,1.0
2010-04-16,13.86,14.29,13.81,13.98,1378.4199,444531,0.0,1.0
2010-04-19,14.03,14.7,13.98,14.15,1395.1818,311397,0.0,1.0
2010-04-20,13.99,14.15,13.7506,13.86,1366.588,145807,0.0,1.0
2010-04-21,13.7,14.52,13.65,14.21,1401.0978,299832,0.0,1.0
2010-04-22,14.54,14.88,13.8,13.84,1364.616,335110,0.0,1.0
2010-04-23,13.8,14.16,13.75,13.77,1357.7141,249616,0.0,1.0
2010-04-26,13.66,13.84,13.52,13.78,1358.7,201417,0.0,1.0
2010-04-27,14.0,14.6,13.78,14.55,1434.6216,398736,0.0,1.0
2010-04-28,14.31,14.89,14.16,14.5,1429.6916,233887,0.0,1.0
2010-04-29,14.34,14.5,14.09,14.13,1393.2098,110036,0.0,1.0
2010-04-30,14.12,15.2,14.12,15.15,1493.7813,272796,0.0,1.0
2010-05-03,15.02,15.02,14.36,14.55,1434.6216,222529,0.0,1.0
2010-05-04,15.01,15.91,14.9001,15.58,1536.179,440858,0.0,1.0
2010-05-05,16.04,16.34,15.5,15.88,1565.7588,346033,0.0,1.0
2010-05-06,16.07,19.13,15.35,16.85,1661.4003,493152,0.0,1.0
2010-05-07,16.97,18.6199,16.64,17.42,1717.6019,366585,0.0,1.0
2010-05-10,15.73,16.04,15.44,15.44,1522.3751,236671,0.0,1.0
2010-05-11,15.92,16.08,15.1,15.69,1547.0249,432349,0.0,1.0
2010-05-12,15.29,15.492,14.7,14.74,1453.3555,253396,0.0,1.0
2010-05-13,14.93,15.61,14.67,15.51,1529.2771,360123,0.0,1.0
2010-05-14,15.86,16.95,15.85,16.4,1617.0305,421753,0.0,1.0
2010-05-17,16.52,17.03,15.93,16.02,1579.5628,166881,0.0,1.0
2010-05-18,15.67,17.04,15.64,16.885,1664.8513,277785,0.0,1.0
2010-05-19,17.02,17.48,16.4,16.664,1643.0608,432950,0.0,1.0
2010-05-20,17.45,18.1063,16.966,17.69,1744.2238,357350,0.0,1.0
2010-05-21,18.29,18.48,16.65,17.19,1694.9241,563577,0.0,1.0
2010-05-24,17.08,17.69,16.94,17.69,1744.2238,149469,0.0,1.0
2010-05-25,18.55,18.95,17.39,17.44,1719.5739,346083,0.0,1.0
2010-05-26,16.89,17.53,16.39,17.5,1725.4899,178670,0.0,1.0
2010-05-27,16.72,16.72,15.81,15.82,1559.8429,194532,0.0,1.0
2010-05-28,15.9,16.6897,15.84,16.3101,1608.1664,197979,0.0,1.0
2010-06-01,16.62,16.96,15.95,16.9399,1670.2644,137974,0.0,1.0
2010-06-02,16.67,16.868,15.85,15.89,1566.7448,135478,0.0,1.0
2010-06-03,15.66,16.08,15.4799,15.56,1534.207,199879,0.0,1.0
2010-06-04,16.2,17.04,15.84,16.85,1661.4003,314112,0.0,1.0
2010-06-07,16.79,18.1049,16.62,18.08,1782.6776,193076,0.0,1.0
2010-06-08,18.0,19.0,17.97,18.17,1791.5515,300912,0.0,1.0
2010-06-09,17.86,18.68,17.21,18.53,1827.0473,229066,0.0,1.0
2010-06-10,17.74,17.92,17.25,17.27,1702.812,158115,0.0,1.0
2010-06-11,17.66,17.76,16.87,16.9242,1668.7164,155460,0.0,1.0
2010-06-14,16.5,16.78,16.15,16.73,1649.5683,300915,0.0,1.0
2010-06-15,16.38,16.4601,15.18,15.29,1507.5852,314111,0.0,1.0
2010-06-16,15.53,15.72,15.03,15.21,1499.6972,183251,0.0,1.0
2010-06-17,15.09,15.64,14.92,15.17,1495.7532,221220,0.0,1.0
2010-06-18,15.17,15.4499,14.9501,15.26,1504.6272,70007,0.0,1.0
2010-06-21,14.91,15.7101,14.79,15.5,1528.2911,144135,0.0,1.0
2010-06-22,15.515,16.1,15.19,16.04,1581.5347,137894,0.0,1.0
2010-06-23,15.97,16.47,15.7,16.07,1584.4927,226820,0.0,1.0
2010-06-24,16.1,17.0,16.1,16.86,1662.3863,237109,0.0,1.0
2010-06-25,16.8,17.46,16.77,16.95,1671.2602,260449,0.0,1.0
2010-06-28,16.76,17.11,16.36,16.675,1644.1454,132161,0.0,1.0
2010-06-29,17.21,18.15,17.21,17.97,1771.8316,319513,0.0,1.0
2010-06-30,17.86,18.705,17.49,18.61,1834.9353,142072,0.0,1.0
2010-07-01,18.54,19.55,18.23,18.73,1846.7672,229108,0.0,1.0
2010-07-02,18.54,19.45,18.49,18.8999,1863.5192,247564,0.0,1.0
2010-07-06,18.23,19.14,17.94,18.75,1848.7392,166778,0.0,1.0
2010-07-07,18.75,18.75,17.01,17.06,1682.1062,139271,0.0,1.0
2010-07-08,16.88,17.6,16.72,17.13,1689.0081,137891,0.0,1.0
2010-07-09,17.2,17.28,16.71,16.72,1648.5824,105692,0.0,1.0
2010-07-12,16.83,16.83,16.226,16.34,1611.1146,105918,0.0,1.0
2010-07-13,15.78,16.05,15.47,15.68,1546.039,251126,0.0,1.0
2010-07-14,14.94,15.6566,14.7,15.57,1535.193,242892,0.0,1.0
2010-07-15,15.66,16.09,15.4301,15.52,1530.263,172474,0.0,1.0
2010-07-16,15.71,16.4,15.65,16.33,1610.1286,157110,0.0,1.0
2010-07-19,16.28,16.28,15.51,15.53,1531.249,210938,0.0,1.0
2010-07-20,16.36,16.5899,15.56,15.6,1538.151,216929,0.0,1.0
2010-07-21,15.42,16.25,15.42,16.17,1594.3527,196437,0.0,1.0
2010-07-22,15.8,15.81,15.064,15.2,1498.7112,101326,0.0,1.0
2010-07-23,15.42,15.6132,15.11,15.15,1493.7813,193062,0.0,1.0
2010-07-26,15.04,15.373,14.84,14.845,1463.7084,102914,0.0,1.0
2010-07-27,14.82,15.14,14.71,15.01,1479.9773,231480,0.0,1.0
2010-07-28,15.16,15.58,14.93,15.48,1526.3191,127332,0.0,1.0
2010-07-29,15.38,16.46,15.3301,16.11,1588.4367,209354,0.0,1.0
2010-07-30,16.46,16.876,16.23,16.52,1628.8625,210836,0.0,1.0
2010-08-02,16.08,16.37,15.67,15.86,1563.7868,169789,0.0,1.0
2010-08-03,15.91,16.4199,15.91,16.21,1598.2966,101913,0.0,1.0
2010-08-04,16.13,16.4199,15.91,15.94,1571.6748,148779,0.0,1.0
2010-08-05,16.15,16.2393,15.84,16.0,1577.5908,93622,0.0,1.0
2010-08-06,16.29,16.4,15.77,16.02,1579.5628,168234,0.0,1.0
2010-08-09,15.88,16.23,15.68,15.83,1560.8289,57772,0.0,1.0
2010-08-10,16.4,17.0,16.36,16.74,1650.5543,213606,0.0,1.0
2010-08-11,17.31,18.05,17.31,17.83,1758.0277,303470,0.0,1.0
2010-08-12,18.62,18.795,17.96,18.2,1794.5095,261257,0.0,1.0
2010-08-13,18.27,18.55,17.89,18.55,1829.0193,117352,0.0,1.0
2010-08-16,18.75,18.83,17.99,18.24,1798.4535,145794,0.0,1.0
2010-08-17,17.92,18.03,17.41,17.845,1759.5067,290973,0.0,1.0
2010-08-18,17.76,17.955,17.283,17.48,1723.5179,219372,0.0,1.0
2010-08-19,17.87,18.399,17.7499,18.26,1800.4255,204109,0.0,1.0
2010-08-20,18.3,18.5,17.9,18.18,1792.5375,177012,0.0,1.0
2010-08-23,17.99,18.64,17.88,18.61,1834.9353,130561,0.0,1.0
2010-08-24,19.15,19.4391,18.75,19.13,1886.207,313701,0.0,1.0
2010-08-25,19.4,19.76,18.75,18.97,1870.4311,245877,0.0,1.0
2010-08-26,18.65,19.74,18.65,19.62,1934.5207,176343,0.0,1.0
2010-08-27,19.46,20.42,18.78,18.92,1865.5011,431267,0.0,1.0
2010-08-30,19.07,19.9,19.07,19.8922,1961.3594,174503,0.0,1.0
2010-08-31,19.98,20.78,19.7701,20.615,2032.6271,321230,0.0,1.0
2010-09-01,19.91,20.0099,19.06,19.42,1914.8008,654396,0.0,1.0
2010-09-02,19.28,19.3393,18.74,18.75,1848.7392,173212,0.0,1.0
2010-09-03,18.16,18.7899,17.944,18.16,1790.5655,411293,0.0,1.0
2010-09-07,18.33,19.02,18.2701,18.93,1866.4871,170930,0.0,1.0
2010-09-08,18.85,19.45,18.85,19.04,1877.333,243520,0.0,1.0
2010-09-09,18.69,19.0,18.58,18.98,1871.417,147182,0.0,1.0
2010-09-10,19.04,19.78,18.8701,19.28,1900.9969,203044,0.0,1.0
2010-09-13,18.76,18.82,17.98,18.04,1778.7336,193039,0.0,1.0
2010-09-14,18.03,18.433,17.35,17.5,1725.4899,293257,0.0,1.0
2010-09-15,17.78,18.02,17.48,17.52,1727.4619,170376,0.0,1.0
2010-09-16,17.67,17.79,17.2,17.21,1696.8961,118629,0.0,1.0
2010-09-17,17.04,17.4493,16.94,17.28,1703.798,133559,0.0,1.0
2010-09-20,17.28,17.55,17.01,17.07,1683.0922,90395,0.0,1.0
2010-09-21,17.07,17.2,16.69,17.0,1676.1902,182339,0.0,1.0
2010-09-22,17.2,17.6225,16.97,17.36,1711.686,314609,0.0,1.0
2010-09-23,17.76,17.91,16.65,17.26,1701.826,202715,0.0,1.0
2010-09-24,16.85,16.89,16.0,16.04,1581.5347,400268,0.0,1.0
2010-09-27,16.1,16.31,15.95,16.24,1601.2546,83133,0.0,1.0
2010-09-28,16.18,16.52,15.6236,15.76,1553.9269,239110,0.0,1.0
2010-09-29,15.74,15.85,15.44,15.75,1552.9409,133687,0.0,1.0
2010-09-30,15.56,16.12,15.27,15.86,1563.7868,208286,0.0,1.0
2010-10-01,15.54,16.07,15.49,15.84,1561.8149,183343,0.0,1.0
2010-10-04,15.85,16.6,15.85,16.32,1609.1426,220344,0.0,1.0
2010-10-05,16.05,16.05,15.5201,15.61,1539.137,341599,0.0,1.0
2010-10-06,15.59,16.13,15.5,15.81,1558.8569,169227,0.0,1.0
2010-10-07,15.71,16.07,15.57,15.72,1549.9829,94642,0.0,1.0
2010-10-08,15.75,16.1,15.33,15.39,1517.4451,122105,0.0,1.0
2010-10-11,15.29,15.38,14.97,15.25,1503.6412,170128,0.0,1.0
2010-10-12,15.28,15.5,14.89,15.01,1479.9773,212216,0.0,1.0
2010-10-13,14.92,15.34,14.76,15.34,1512.5151,211284,0.0,1.0
2010-10-14,15.34,15.47,15.04,15.33,1511.5292,147559,0.0,1.0
2010-10-15,15.18,15.496,15.08,15.17,1495.7532,88600,0.0,1.0
2010-10-18,15.29,15.57,15.29,15.34,1512.5151,80879,0.0,1.0
2010-10-19,15.79,15.9501,15.15,15.6399,1542.0851,141844,0.0,1.0
2010-10-20,15.61,15.64,15.12,15.3,1508.5712,81880,0.0,1.0
2010-10-21,15.23,15.6299,15.18,15.3616,1514.6449,97814,0.0,1.0
2010-10-22,15.2501,15.3,14.83,14.91,1470.1174,88815,0.0,1.0
2010-10-25,14.66,14.76,14.48,14.67,1446.4535,173538,0.0,1.0
2010-10-26,14.81,15.05,14.59,14.68,1447.4395,72195,0.0,1.0
2010-10-27,14.74,14.74,13.94,13.97,1377.4339,128682,0.0,1.0
2010-10-28,13.96,14.24,13.75,13.83,1363.63,129183,0.0,1.0
2010-10-29,13.88,13.88,13.5101,13.72,1352.7841,108737,0.0,1.0
2010-11-01,13.56,13.85,13.45,13.66,1346.8681,113020,0.0,1.0
2010-11-02,13.46,13.6,13.4,13.54,1335.0362,80598,0.0,1.0
2010-11-03,13.45,13.69,13.27,13.31,1312.3583,90834,0.0,1.0
2010-11-04,13.08,13.08,12.49,12.55,1237.4228,308860,0.0,1.0
2010-11-05,12.45,12.51,12.18,12.26,1208.8289,150617,0.0,1.0
2010-11-08,12.32,12.32,12.0701,12.23,1205.8709,51018,0.0,1.0
2010-11-09,12.21,12.54,12.1601,12.42,1224.6048,141603,0.0,1.0
2010-11-10,12.45,12.78,12.42,12.46,1228.5488,214590,0.0,1.0
2010-11-11,13.0,13.29,12.61,12.63,1245.3107,202928,0.0,1.0
2010-11-12,12.63,12.75,12.1501,12.56,1238.4088,160111,0.0,1.0
2010-11-15,12.52,12.79,12.38,12.74,1256.1566,86436,0.0,1.0
2010-11-16,12.9,13.25,12.75,13.05,1286.7225,194303,0.0,1.0
2010-11-17,13.13,13.19,12.8201,13.06,1287.7085,98179,0.0,1.0
2010-11-18,12.82,12.8705,12.6,12.69,1251.2267,199976,0.0,1.0
2010-11-19,12.77,12.77,12.321,12.38,1220.6609,79090,0.0,1.0
2010-11-22,12.44,12.46,12.08,12.12,1195.025,131238,0.0,1.0
2010-11-23,12.39,12.42,12.2,12.29,1211.7869,142808,0.0,1.0
2010-11-24,12.1,12.14,11.67,11.73,1156.5712,188884,0.0,1.0
2010-11-26,11.85,11.95,11.74,11.85,1168.4032,26433,0.0,1.0
2010-11-29,12.09,12.14,11.8376,11.91,1174.3191,153547,0.0,1.0
2010-11-30,12.11,12.2569,12.07,12.16,1198.969,116574,0.0,1.0
2010-12-01,11.79,11.8199,11.4,11.54,1137.8373,283431,0.0,1.0
2010-12-02,11.44,11.46,11.12,11.14,1098.3976,123434,0.0,1.0
2010-12-03,11.26,11.26,10.95,11.01,1085.5796,103230,0.0,1.0
2010-12-06,10.97,11.1614,10.97,11.01,1085.5796,44328,0.0,1.0
2010-12-07,10.83,11.0,10.71,10.9806,1082.6808,109812,0.0,1.0
2010-12-08,11.0,11.02,10.77,10.8,1064.8738,201676,0.0,1.0
2010-12-09,10.72,10.8005,10.62,10.79,1063.8878,55500,0.0,1.0
2010-12-10,10.75,10.8,10.67,10.76,1060.9298,145683,0.0,1.0
2010-12-13,10.61,11.02,10.61,10.99,1083.6077,162076,0.0,1.0
2010-12-14,10.98,11.1699,10.95,11.108,1095.2424,119859,0.0,1.0
2010-12-15,11.2,11.3414,11.08,11.3,1114.1735,137425,0.0,1.0
2010-12-16,11.23,11.38,11.18,11.2,1104.3135,56312,0.0,1.0
2010-12-17,11.1401,11.2,11.0401,11.09,1093.4676,49753,0.0,1.0
2010-12-20,11.01,11.2593,11.01,11.21,1105.2995,56248,0.0,1.0
2010-12-21,11.12,11.12,11.05,11.1,1094.4536,81167,0.0,1.0
2010-12-22,11.18,11.36,11.18,11.19,1103.3275,176450,0.0,1.0
2010-12-23,11.21,11.316,11.21,11.27,1111.2155,38359,0.0,1.0
2010-12-27,11.31,11.5,11.17,11.21,1105.2995,61464,0.0,1.0
2010-12-28,11.22,11.3318,11.14,11.24,1108.2575,47241,0.0,1.0
2010-12-29,11.18,11.28,11.16,11.2,1104.3135,36120,0.0,1.0
2010-12-30,11.2,11.22,11.1,11.13,1097.4116,108516,0.0,1.0
2010-12-31,11.1396,11.25,11.1396,11.17,1101.3556,32265,0.0,1.0
2011-01-03,11.1,11.1695,10.87,11.09,1093.4676,113546,0.0,1.0
2011-01-04,10.98,11.17,10.9,10.99,1083.6077,25315,0.0,1.0
2011-01-05,11.08,11.19,10.93,10.98,1082.6217,43951,0.0,1.0
2011-01-06,11.0,11.0,10.7375,10.78,1062.9018,64352,0.0,1.0
2011-01-07,10.72,11.1,10.67,10.78,1062.9018,56886,0.0,1.0
2011-01-10,10.87,10.9064,10.55,10.6,1045.1539,58529,0.0,1.0
2011-01-11,10.51,10.6299,10.4,10.45,1030.364,60800,0.0,1.0
2011-01-12,10.32,10.42,10.12,10.13,998.8122,274662,0.0,1.0
2011-01-13,10.18,10.22,10.04,10.1,995.8542,105062,0.0,1.0
2011-01-14,10.03,10.114,9.74,9.77,963.3164,232225,0.0,1.0
2011-01-18,9.82,9.838,9.72,9.73,959.3724,163089,0.0,1.0
2011-01-19,9.9,10.1194,9.79,10.04,989.9382,105038,0.0,1.0
2011-01-20,10.16,10.6,10.16,10.3,1015.5741,227754,0.0,1.0
2011-01-21,10.1301,10.46,10.1,10.44,1029.378,223072,0.0,1.0
2011-01-24,10.35,10.35,9.94,9.94,980.0783,153667,0.0,1.0
2011-01-25,9.95,10.15,9.95,9.99,985.0082,122762,0.0,1.0
2011-01-26,9.9,10.02,9.79,9.83,969.2323,124191,0.0,1.0
2011-01-27,9.78,9.78,9.5,9.57,943.5965,124867,0.0,1.0
2011-01-28,9.55,10.15,9.54,10.04,989.9382,203475,0.0,1.0
2011-01-31,9.97,10.19,9.84,10.03,988.9522,166462,0.0,1.0
2011-02-01,9.85,9.8599,9.48,9.58,944.5825,71696,0.0,1.0
2011-02-02,9.67,9.67,9.42,9.51,937.6805,44558,0.0,1.0
2011-02-03,9.54,9.69,9.4606,9.52,938.6665,40083,0.0,1.0
2011-02-04,9.52,9.52,9.22,9.23,910.0727,361520,0.0,1.0
2011-02-07,9.15,9.32,9.08,9.26,913.0307,55809,0.0,1.0
2011-02-08,9.32,9.42,9.28,9.3,916.9746,72789,0.0,1.0
2011-02-09,9.33,9.44,9.29,9.39,925.8486,50520,0.0,1.0
2011-02-10,9.56,9.616,9.25,9.27,914.0167,52206,0.0,1.0
2011-02-11,9.35,9.3801,9.0801,9.16,903.1707,88488,0.0,1.0
2011-02-14,9.18,9.18,8.9201,9.0609,893.3995,51625,0.0,1.0
2011-02-15,9.11,9.3,9.11,9.2,907.1147,32335,0.0,1.0
2011-02-16,9.07,9.17,8.97,9.03,890.3528,429847,0.0,1.0
2011-02-17,9.06,9.09,8.77,8.81,868.6609,136062,0.0,1.0
2011-02-18,8.78,8.8701,8.76,8.81,868.6609,41055,0.0,1.0
2011-02-22,9.09,9.42,9.0,9.4,926.8346,271137,0.0,1.0
2011-02-23,9.42,10.02,9.42,9.78,964.3024,362120,0.0,1.0
2011-02-24,9.82,9.93,9.51,9.59,945.5685,172427,0.0,1.0
2011-02-25,46.72,47.0,45.38,45.46,896.466,93711,0.0,0.2
2011-02-28,45.33,47.3693,44.9755,46.46,916.1858,32537,0.0,1.0
2011-03-01,45.88,48.05,45.88,47.88,944.1881,29636,0.0,1.0
2011-03-02,47.92,47.92,45.59,46.75,921.9046,88701,0.0,1.0
2011-03-03,45.65,45.65,44.7415,45.0,887.3948,60838,0.0,1.0
2011-03-04,45.0,46.37,44.91,45.87,904.5511,231814,0.0,1.0
2011-03-07,45.63,49.124,45.55,48.18,950.104,58562,0.0,1.0
2011-03-08,47.99,49.0,47.56,48.221,950.9126,17939,0.0,1.0
2011-03-09,48.59,50.76,48.59,50.39,993.685,104150,0.0,1.0
2011-03-10,51.63,52.8,51.329,52.59,1037.0687,360115,0.0,1.0
2011-03-11,53.48,53.52,51.4301,51.8,1021.49,146413,0.0,1.0
2011-03-14,52.4,52.69,51.0,51.94,1024.2508,120797,0.0,1.0
2011-03-15,55.01,55.98,53.1315,53.76,1060.141,244192,0.0,1.0
2011-03-16,54.4,56.62,52.7,55.89,1102.1444,137956,0.0,1.0
2011-03-17,53.98,55.32,53.67,55.03,1085.1852,72268,0.0,1.0
2011-03-18,53.89,55.0,53.43,54.72,1079.0721,157799,0.0,1.0
2011-03-21,53.35,53.91,51.95,52.68,1038.8435,156846,0.0,1.0
2011-03-22,52.68,53.5628,52.59,53.29,1050.8727,31091,0.0,1.0
2011-03-23,53.84,54.1736,52.01,52.26,1030.5612,111794,0.0,1.0
2011-03-24,51.0,51.61,49.77,50.17,989.3466,88721,0.0,1.0
2011-03-25,49.9,50.25,49.16,50.18,989.5438,84312,0.0,1.0
2011-03-28,49.95,50.35,49.1,50.22,990.3326,39653,0.0,1.0
2011-03-29,50.53,51.4101,49.65,49.67,979.4867,62534,0.0,1.0
2011-03-30,49.18,50.2642,48.8398,49.54,976.9231,41000,0.0,1.0
2011-03-31,49.89,50.86,49.53,50.225,990.4312,44397,0.0,1.0
2011-04-01,49.31,52.14,49.31,51.79,1021.2928,150233,0.0,1.0
2011-04-04,51.63,53.51,51.373,52.78,1040.8155,91073,0.0,1.0
2011-04-05,51.9,51.9,50.31,51.19,1009.4609,126878,0.0,1.0
2011-04-06,50.21,50.91,49.96,50.13,988.5578,76910,0.0,1.0
2011-04-07,50.0,51.2,49.85,50.17,989.3466,75907,0.0,1.0
2011-04-08,49.56,51.2,49.46,50.73,1000.3897,128407,0.0,1.0
2011-04-11,50.44,51.75,50.44,51.38,1013.2077,64886,0.0,1.0
2011-04-12,51.89,53.74,51.89,53.31,1051.267,136847,0.0,1.0
2011-04-13,52.83,53.6,52.34,52.97,1044.5623,148874,0.0,1.0
2011-04-14,53.5,54.56,53.1,53.1,1047.1259,207249,0.0,1.0
2011-04-15,53.32,53.85,52.0701,52.32,1031.7444,39453,0.0,1.0
2011-04-18,53.76,54.54,53.36,53.72,1059.3522,89604,0.0,1.0
2011-04-19,53.7,53.989,52.88,53.08,1046.7315,72432,0.0,1.0
2011-04-20,49.17,49.52,47.65,47.73,941.2301,221802,0.0,1.0
2011-04-21,47.12,48.1,47.1,47.26,931.9617,113253,0.0,1.0
2011-04-25,47.16,47.4,46.46,46.54,917.7634,54670,0.0,1.0
2011-04-26,46.55,46.67,44.75,44.95,886.4088,76235,0.0,1.0
2011-04-27,45.11,45.7,44.7,44.83,884.0424,63056,0.0,1.0
2011-04-28,45.15,45.5,44.6,45.02,887.7892,41284,0.0,1.0
2011-04-29,44.98,44.98,44.21,44.21,871.8161,47523,0.0,1.0
2011-05-02,43.96,45.3734,43.96,45.17,890.7472,39086,0.0,1.0
2011-05-03,45.61,46.39,45.37,45.69,901.0015,56250,0.0,1.0
2011-05-04,44.87,46.53,44.37,44.92,885.8172,96878,0.0,1.0
2011-05-05,45.39,45.4,43.66,44.61,879.7041,93701,0.0,1.0
2011-05-06,43.86,44.64,43.3,44.41,875.7601,116947,0.0,1.0
2011-05-09,44.4,45.49,44.4,44.86,884.634,21529,0.0,1.0
2011-05-10,44.47,44.72,43.93,44.23,872.2105,24217,0.0,1.0
2011-05-11,44.18,44.99,43.24,44.38,875.1685,36455,0.0,1.0
2011-05-12,44.65,44.91,42.95,43.26,853.0822,38964,0.0,1.0
2011-05-13,43.38,44.47,43.283,44.37,874.9713,32957,0.0,1.0
2011-05-16,44.4,45.2,43.486,45.14,890.1556,57235,0.0,1.0
2011-05-17,45.85,47.23,45.85,46.125,909.5797,121865,0.0,1.0
2011-05-18,45.88,45.88,43.95,44.26,872.8021,64212,0.0,1.0
2011-05-19,44.9,45.9799,44.85,45.08,888.9724,50097,0.0,1.0
2011-05-20,45.43,46.08,44.97,45.66,900.4099,54138,0.0,1.0
2011-05-23,46.86,47.438,46.86,47.32,933.1449,67756,0.0,1.0
2011-05-24,47.1,48.2,46.812,48.12,948.9208,45464,0.0,1.0
2011-05-25,48.71,48.72,47.2,47.62,939.0609,29852,0.0,1.0
2011-05-26,47.9,48.13,47.0,47.26,931.9617,28384,0.0,1.0
2011-05-27,46.74,46.9895,46.331,46.76,922.1018,15719,0.0,1.0
2011-05-31,45.8,46.21,45.37,45.39,895.0856,44538,0.0,1.0
2011-06-01,45.74,48.1934,45.6352,48.18,950.104,37306,0.0,1.0
2011-06-02,47.94,48.36,47.056,47.88,944.1881,23756,0.0,1.0
2011-06-03,49.0,50.05,48.35,49.93,984.6138,48689,0.0,1.0
2011-06-06,50.11,50.4391,49.6,50.35,992.8962,62728,0.0,1.0
2011-06-07,49.77,49.77,48.54,49.625,978.5993,43296,0.0,1.0
2011-06-08,50.0,51.74,50.0,51.38,1013.2077,57926,0.0,1.0
2011-06-09,51.38,51.86,50.66,51.22,1010.0525,26909,0.0,1.0
2011-06-10,51.47,53.7,51.47,52.94,1043.9707,31971,0.0,1.0
2011-06-13,52.93,54.28,52.3,53.81,1061.127,56655,0.0,1.0
2011-06-14,52.56,52.6529,51.3,51.91,1023.6592,64584,0.0,1.0
2011-06-15,52.86,53.86,51.99,53.81,1061.127,69688,0.0,1.0
2011-06-16,53.59,55.67,53.36,54.88,1082.2273,53038,0.0,1.0
2011-06-17,53.6,56.41,53.6,55.95,1103.3275,66107,0.0,1.0
2011-06-20,56.31,56.4,55.34,55.72,1098.792,37887,0.0,1.0
2011-06-21,55.0,55.8,53.16,53.42,1053.4362,74726,0.0,1.0
2011-06-22,53.55,54.12,53.03,54.09,1066.6486,39081,0.0,1.0
2011-06-23,55.23,55.73,52.244,52.3948,1033.2194,42476,0.0,1.0
2011-06-24,52.62,54.7499,52.62,54.72,1079.0721,41833,0.0,1.0
2011-06-27,54.75,55.58,53.4,53.95,1063.8878,34054,0.0,1.0
2011-06-28,53.9,53.96,52.89,52.98,1044.7595,25804,0.0,1.0
2011-06-29,52.66,53.39,52.47,53.05,1046.1399,33502,0.0,1.0
2011-06-30,53.0,53.0,49.93,50.23,990.5298,84395,0.0,1.0
2011-07-01,49.1,50.4128,48.03,48.22,950.8928,61241,0.0,1.0
2011-07-05,48.27,49.24,47.872,48.88,963.908,18520,0.0,1.0
2011-07-06,49.0,49.79,48.56,48.9,964.3024,20465,0.0,1.0
2011-07-07,48.04,48.06,46.24,46.78,922.4962,32074,0.0,1.0
2011-07-08,47.86,48.84,47.59,47.91,944.7797,31805,0.0,1.0
2011-07-11,49.1,49.65,47.8556,49.32,972.5847,47412,0.0,1.0
2011-07-12,50.56,52.7005,50.56,52.38,1032.9276,66994,0.0,1.0
2011-07-13,51.86,53.01,51.081,52.54,1036.0827,44388,0.0,1.0
2011-07-14,52.32,54.1008,51.33,53.83,1061.5214,36582,0.0,1.0
2011-07-15,53.3,54.29,53.14,53.38,1052.6474,40852,0.0,1.0
2011-07-18,53.8,55.3742,53.43,54.58,1076.3113,38914,0.0,1.0
2011-07-19,53.4,53.4,50.69,50.9,1003.7421,46259,0.0,1.0
2011-07-20,50.52,51.6899,50.41,51.1872,1009.4057,42024,0.0,1.0
2011-07-21,52.73,53.07,50.67,50.8,1001.7701,41175,0.0,1.0
2011-07-22,50.0,50.11,48.25,48.56,957.5976,57052,0.0,1.0
2011-07-25,49.69,50.21,48.97,49.64,978.8951,30043,0.0,1.0
2011-07-26,49.36,49.4,48.31,49.28,971.7959,20148,0.0,1.0
2011-07-27,50.5,52.66,50.5,52.28,1030.9556,58165,0.0,1.0
2011-07-28,52.55,53.25,50.8017,52.41,1033.5192,24889,0.0,1.0
2011-07-29,53.72,54.1288,51.94,53.17,1048.5063,52161,0.0,1.0
2011-08-01,51.9,54.79,51.5,53.4,1053.0418,97379,0.0,1.0
2011-08-02,54.39,56.41,53.7234,56.41,1112.3987,30031,0.0,1.0
2011-08-03,56.37,58.0,54.49,54.68,1078.2833,56932,0.0,1.0
2011-08-04,56.4,60.7,56.06,60.66,1196.2082,52983,0.0,1.0
2011-08-05,59.75,65.76,58.5,62.5499,1233.4768,509137,0.0,1.0
2011-08-08,67.52,68.35,63.7,68.2,1344.8961,311789,0.0,1.0
2011-08-09,65.87,71.1,63.42,63.42,1250.6351,89937,0.0,1.0
2011-08-10,66.49,67.51,62.59,66.21,1305.6536,51715,0.0,1.0
2011-08-11,65.18,65.18,58.9,59.46,1172.5443,15717,0.0,1.0
2011-08-12,59.49,61.03,58.68,60.55,1194.039,21803,0.0,1.0
2011-08-15,60.05,60.2,58.53,58.53,1154.2048,23330,0.0,1.0
2011-08-16,59.29,61.34,58.5,60.47,1192.4614,46005,0.0,1.0
2011-08-17,60.99,62.23,58.8,60.96,1202.1242,22360,0.0,1.0
2011-08-18,64.48,68.32,64.48,67.42,1329.5146,31513,0.0,1.0
2011-08-19,68.93,70.47,65.28,70.29,1386.1107,52260,0.0,1.0
2011-08-22,67.39,69.79,66.79,69.09,1362.4468,34772,0.0,1.0
2011-08-23,68.31,68.79,63.41,63.41,1250.4379,43581,0.0,1.0
2011-08-24,63.75,65.76,63.3111,63.65,1255.1707,29434,0.0,1.0
2011-08-25,63.89,66.67,63.09,66.58,1312.9499,29959,0.0,1.0
2011-08-26,67.0,68.61,62.9,63.89,1259.9034,22112,0.0,1.0
2011-08-29,62.63,62.63,59.75,59.75,1178.2631,14759,0.0,1.0
2011-08-30,60.34,61.35,59.1,59.81,1179.4463,18124,0.0,1.0
2011-08-31,59.3501,61.34,58.36,60.68,1196.6026,66179,0.0,1.0
2011-09-01,59.87,62.024,59.21,62.0,1222.6328,19829,0.0,1.0
2011-09-02,63.8,65.42,63.476,64.75,1276.8625,33536,0.0,1.0
2011-09-06,68.39,68.74,65.51,65.64,1294.4132,21803,0.0,1.0
2011-09-07,62.54,62.675,60.85,60.92,1201.3354,24551,0.0,1.0
2011-09-08,61.32,62.21,58.88,61.53,1213.3645,28945,0.0,1.0
2011-09-09,62.2,63.389,59.72,62.6,1234.4648,38503,0.0,1.0
2011-09-12,61.08,63.61,59.31,59.31,1169.5864,42038,0.0,1.0
2011-09-13,58.9,59.39,56.48,56.94,1122.8502,76113,0.0,1.0
2011-09-14,56.38,56.75,52.8894,54.25,1069.8037,98731,0.0,1.0
2011-09-15,52.97,53.98,52.18,52.54,1036.0827,266516,0.0,1.0
2011-09-16,50.93,52.52,50.93,51.77,1020.8984,62901,0.0,1.0
2011-09-19,53.35,53.93,51.98,52.53,1035.8855,43154,0.0,1.0
2011-09-20,52.4,53.09,51.35,52.96,1044.3651,42079,0.0,1.0
2011-09-21,52.58,54.65,51.81,54.65,1077.6917,60523,0.0,1.0
2011-09-22,57.43,59.35,56.51,57.805,1139.9079,123945,0.0,1.0
2011-09-23,58.74,59.04,54.92,55.19,1088.3404,30076,0.0,1.0
2011-09-26,54.5,57.6,54.5,54.96,1083.8049,36835,0.0,1.0
2011-09-27,53.25,53.9,51.26,53.38,1052.6474,62978,0.0,1.0
2011-09-28,53.12,56.065,52.91,55.98,1103.9191,110537,0.0,1.0
2011-09-29,55.0,58.93,54.31,57.19,1127.7802,86864,0.0,1.0
2011-09-30,59.0001,60.81,57.8,60.81,1199.1662,35367,0.0,1.0
2011-10-03,62.68,65.18,60.16,64.81,1278.0457,59145,0.0,1.0
2011-10-04,66.64,66.64,59.74,59.83,1179.8407,67581,0.0,1.0
2011-10-05,59.59,60.8799,55.92,56.0,1104.3135,52161,0.0,1.0
2011-10-06,55.94,57.05,54.66,54.66,1077.8889,45604,0.0,1.0
2011-10-07,54.6,55.22,52.75,53.95,1063.8878,47104,0.0,1.0
2011-10-10,52.28,52.29,50.755,51.05,1006.7001,41515,0.0,1.0
2011-10-11,51.78,51.81,50.68,50.98,1005.3197,20936,0.0,1.0
2011-10-12,50.36,50.36,49.0645,50.18,989.5438,31913,0.0,1.0
2011-10-13,50.78,50.87,47.7,47.98,946.1601,51170,0.0,1.0
2011-10-14,47.68,48.6192,47.04,47.3,932.7505,31578,0.0,1.0
2011-10-17,47.84,49.61,47.669,49.22,970.6127,23562,0.0,1.0
2011-10-18,49.25,50.19,47.34,47.63,939.2581,35322,0.0,1.0
2011-10-19,47.23,48.37,46.57,48.16,949.7096,19026,0.0,1.0
2011-10-20,48.9,51.27,48.9,49.84,982.839,22844,0.0,1.0
2011-10-21,48.42,48.42,46.39,47.38,934.3281,15082,0.0,1.0
2011-10-24,47.05,47.26,44.379,44.76,882.662,30986,0.0,1.0
2011-10-25,45.69,46.0,44.683,45.74,901.9875,84670,0.0,1.0
2011-10-26,44.94,46.79,44.62,45.1,889.3668,61360,0.0,1.0
2011-10-27,43.05,43.61,41.8,42.27,833.5595,55384,0.0,1.0
2011-10-28,43.0,43.42,42.33,42.39,835.9259,21030,0.0,1.0
2011-10-31,43.63,44.34,43.03,44.28,873.1965,40852,0.0,1.0
2011-11-01,46.74,47.4,46.0,46.98,926.4402,119363,0.0,1.0
2011-11-02,46.0,47.82,46.0,47.0,926.8346,51700,0.0,1.0
2011-11-03,46.4,47.74,44.0,44.15,870.6329,44341,0.0,1.0
2011-11-04,44.84,45.08,43.5,43.81,863.9281,28612,0.0,1.0
2011-11-07,44.24,44.84,43.4,43.49,857.6178,15614,0.0,1.0
2011-11-08,43.02,43.86,42.34,42.67,841.4475,23696,0.0,1.0
2011-11-09,44.6,46.34,44.42,46.2,911.0587,30663,0.0,1.0
2011-11-10,45.28,46.86,45.1008,45.52,897.6491,17619,0.0,1.0
2011-11-11,44.29,44.56,42.23,42.37,835.5315,34038,0.0,1.0
2011-11-14,42.45,43.8,42.225,43.4,855.843,11997,0.0,1.0
2011-11-15,44.19,44.19,41.25,41.74,823.108,31845,0.0,1.0
2011-11-16,42.25,42.87,40.84,42.72,842.4335,174209,0.0,1.0
2011-11-17,42.98,46.54,42.98,45.65,900.2127,40883,0.0,1.0
2011-11-18,45.7,46.47,45.44,46.26,912.2419,14297,0.0,1.0
2011-11-21,47.24,49.42,47.24,48.4,954.4424,63892,0.0,1.0
2011-11-22,49.05,50.431,48.25,49.95,985.0082,42296,0.0,1.0
2011-11-23,51.01,52.77,50.7994,52.77,1040.6183,141358,0.0,1.0
2011-11-25,53.05,53.56,51.46,53.56,1056.197,62385,0.0,1.0
2011-11-28,50.56,51.07,49.36,50.16,989.1494,69836,0.0,1.0
2011-11-29,49.88,50.57,49.12,50.46,995.0654,34278,0.0,1.0
2011-11-30,47.23,47.5,44.54,44.58,879.1125,29504,0.0,1.0
2011-12-01,44.58,45.54,44.15,44.3,873.5909,16775,0.0,1.0
2011-12-02,43.4,44.88,43.22,44.71,881.676,17445,0.0,1.0
2011-12-05,43.75,44.2,42.91,43.8,863.7309,16876,0.0,1.0
2011-12-06,43.41,43.9071,42.97,43.31,854.0682,28449,0.0,1.0
2011-12-07,44.0,44.39,42.43,42.69,841.8419,18290,0.0,1.0
2011-12-08,43.72,45.49,43.17,45.38,894.8884,23944,0.0,1.0
2011-12-09,46.6,46.75,43.9476,44.15,870.6329,33010,0.0,1.0
2011-12-12,45.92,47.73,45.89,46.8,922.8906,30271,0.0,1.0
2011-12-13,46.33,49.26,46.14,48.91,964.4996,43356,0.0,1.0
2011-12-14,49.19,50.67,48.66,50.21,990.1354,39563,0.0,1.0
2011-12-15,49.05,50.175,48.46,50.1,987.9662,20178,0.0,1.0
2011-12-16,49.58,49.86,48.26,49.7,980.0783,12506,0.0,1.0
2011-12-19,49.4,51.52,49.14,51.41,1013.7993,184925,0.0,1.0
2011-12-20,49.55,49.55,46.89,47.075,928.3136,31734,0.0,1.0
2011-12-21,47.08,49.06,46.71,47.91,944.7797,93514,0.0,1.0
2011-12-22,47.76,47.76,45.24,45.51,897.4519,29295,0.0,1.0
2011-12-23,45.03,45.39,44.67,44.78,883.0564,13243,0.0,1.0
2011-12-27,45.01,45.01,44.05,44.61,879.7041,14266,0.0,1.0
2011-12-28,44.32,45.98,44.32,45.92,905.5371,18653,0.0,1.0
2011-12-29,45.59,45.69,44.8,44.97,886.8032,11014,0.0,1.0
2011-12-30,44.93,45.59,44.59,45.59,899.0295,10055,0.0,1.0
2012-01-03,43.64,44.84,43.2,44.63,880.0985,13710,0.0,1.0
2012-01-04,44.7,45.18,43.91,44.01,867.8721,8260,0.0,1.0
2012-01-05,44.16,44.16,42.6,42.71,842.2363,22366,0.0,1.0
2012-01-06,42.82,43.3,42.5,42.85,844.9971,12140,0.0,1.0
2012-01-09,42.5,42.66,41.28,41.56,819.5584,10484,0.0,1.0
2012-01-10,40.71,41.38,40.6,41.14,811.2761,13089,0.0,1.0
2012-01-11,41.48,41.63,40.68,40.77,803.9797,7461,0.0,1.0
2012-01-12,40.51,41.15,40.114,40.24,793.5282,8703,0.0,1.0
2012-01-13,40.77,42.1,40.77,41.98,827.8408,11985,0.0,1.0
2012-01-17,41.34,41.92,41.0,41.8,824.2912,7875,0.0,1.0
2012-01-18,40.92,40.92,38.22,38.37,756.652,47906,0.0,1.0
2012-01-19,37.91,38.0,37.252,37.37,736.9321,18605,0.0,1.0
2012-01-20,37.12,37.33,36.2,36.4,717.8038,30058,0.0,1.0
2012-01-23,36.3,36.65,35.82,36.34,716.6206,166476,0.0,1.0
2012-01-24,36.584,36.584,35.91,36.13,712.4794,29282,0.0,1.0
2012-01-25,35.94,36.95,35.7,35.78,705.5775,35621,0.0,1.0
2012-01-26,35.65,36.94,35.37,36.71,723.917,19304,0.0,1.0
2012-01-27,37.23,37.23,36.2,36.4199,718.1962,10383,0.0,1.0
2012-01-30,37.26,37.71,36.7,36.89,727.4665,21031,0.0,1.0
2012-01-31,36.5,37.58,36.41,37.19,733.3825,8658,0.0,1.0
2012-02-01,36.1,36.55,35.5,36.1499,712.8719,18036,0.0,1.0
2012-02-02,36.1,36.1,35.4,35.82,706.3663,7645,0.0,1.0
2012-02-03,35.02,35.02,34.16,34.41,678.5612,154046,0.0,1.0
2012-02-06,34.82,35.46,34.82,35.04,690.9848,21161,0.0,1.0
2012-02-07,35.63,35.73,34.93,35.1,692.1679,11152,0.0,1.0
2012-02-08,34.7,34.8,33.901,34.42,678.7584,138927,0.0,1.0
2012-02-09,34.0,34.64,34.0,34.22,674.8145,265342,0.0,1.0
2012-02-10,34.84,35.52,34.83,35.25,695.1259,13479,0.0,1.0
2012-02-13,35.0,35.95,34.99,35.28,695.7175,11125,0.0,1.0
2012-02-14,35.54,35.66,35.12,35.15,693.1539,15386,0.0,1.0
2012-02-15,34.67,35.194,34.348,35.13,692.7595,13543,0.0,1.0
2012-02-16,35.11,35.27,32.96,33.77,665.9405,177575,0.0,1.0
2012-02-17,33.48,33.74,33.11,33.68,664.1657,19095,0.0,1.0
2012-02-21,33.79,34.64,33.68,34.47,679.7444,35504,0.0,1.0
2012-02-22,34.68,35.17,34.23,35.02,690.5904,143621,0.0,1.0
2012-02-23,35.27,35.83,34.64,34.91,688.4212,33095,0.0,1.0
2012-02-24,34.9,35.12,34.65,35.12,692.5623,5800,0.0,1.0
2012-02-27,35.66,35.902,34.42,34.94,689.0128,11194,0.0,1.0
2012-02-28,34.84,34.9599,33.69,34.0,670.4761,40071,0.0,1.0
2012-02-29,34.08,34.95,33.8001,34.87,687.6324,11985,0.0,1.0
2012-03-01,34.61,35.1148,34.27,34.96,689.4072,9329,0.0,1.0
2012-03-02,35.05,35.5,34.481,35.4,698.0839,28791,0.0,1.0
2012-03-05,35.53,37.09,35.53,36.85,726.6777,161214,0.0,1.0
2012-03-06,37.77,37.96,37.0,37.05,730.6217,38640,0.0,1.0
2012-03-07,36.76,37.08,36.03,36.22,714.2542,14230,0.0,1.0
2012-03-08,35.95,36.21,35.59,35.76,705.1831,21962,0.0,1.0
2012-03-09,35.5,35.61,35.07,35.15,693.1539,8243,0.0,1.0
2012-03-12,35.19,35.8194,35.18,35.674,703.4872,17446,0.0,1.0
2012-03-13,35.15,35.15,34.3,34.3,676.392,26660,0.0,1.0
2012-03-14,34.15,34.64,33.5,34.45,679.35,154076,0.0,1.0
2012-03-15,34.31,34.31,33.266,33.44,659.4329,47276,0.0,1.0
2012-03-16,33.43,33.44,33.1,33.41,658.8413,15826,0.0,1.0
2012-03-19,33.5,33.65,32.675,32.9601,649.9694,152480,0.0,1.0
2012-03-20,33.42,33.7,33.0401,33.1915,654.5325,145595,0.0,1.0
2012-03-21,33.27,33.27,32.871,33.07,652.1366,9000,0.0,1.0
2012-03-22,33.52,33.74,33.1,33.25,655.6862,17579,0.0,1.0
2012-03-23,33.3,33.81,33.21,33.29,656.475,134566,0.0,1.0
2012-03-26,32.97,32.98,32.35,32.37,638.3327,128794,0.0,1.0
2012-03-27,32.42,32.47,32.01,32.36,638.1355,154690,0.0,1.0
2012-03-28,32.41,33.49,32.29,33.12,653.1226,138347,0.0,1.0
2012-03-29,33.46,33.82,32.8,32.811,647.0291,15499,0.0,1.0
2012-03-30,32.29,33.098,32.28,32.65,643.8542,115699,0.0,1.0
2012-04-02,33.128,33.379,32.4663,32.69,644.643,8388,0.0,1.0
2012-04-03,32.96,33.71,32.7501,33.52,661.0105,14297,0.0,1.0
2012-04-04,34.5,35.2,34.3,34.61,682.5052,36792,0.0,1.0
2012-04-05,34.8572,34.9916,34.4507,34.53,680.9276,14137,0.0,1.0
2012-04-09,35.45,35.75,35.24,35.47,699.4643,17895,0.0,1.0
2012-04-10,35.73,36.56,35.15,36.381,717.4291,27386,0.0,1.0
2012-04-11,35.48,35.74,34.88,35.38,697.6895,16481,0.0,1.0
2012-04-12,35.35,35.35,33.83,33.99,670.2789,31941,0.0,1.0
2012-04-13,34.14,35.1683,34.14,35.12,692.5623,13779,0.0,1.0
2012-04-16,34.36,35.52,34.36,34.95,689.21,18968,0.0,1.0
2012-04-17,34.2,34.26,33.72,33.94,669.2929,17722,0.0,1.0
2012-04-18,34.8,35.51,34.66,34.85,687.238,19250,0.0,1.0
2012-04-19,35.0,35.89,34.39,35.38,697.6895,18136,0.0,1.0
2012-04-20,35.4,36.61,35.22,36.58,721.3534,30666,0.0,1.0
2012-04-23,37.16,37.73,37.16,37.26,734.7629,23186,0.0,1.0
2012-04-24,37.06,38.03,36.87,37.82,745.806,19954,0.0,1.0
2012-04-25,36.63,37.19,36.18,36.22,714.2542,13378,0.0,1.0
2012-04-26,36.27,36.27,35.131,35.32,696.5063,22677,0.0,1.0
2012-04-27,35.17,35.59,34.77,35.01,690.3932,14356,0.0,1.0
2012-04-30,34.94,35.25,34.9,35.1,692.1679,7555,0.0,1.0
2012-05-01,35.04,35.06,34.2,34.49,680.1388,12222,0.0,1.0
2012-05-02,34.9,35.07,34.1809,34.37,677.7724,17620,0.0,1.0
2012-05-03,34.28,35.88,34.09,35.7899,705.7727,25430,0.0,1.0
2012-05-04,36.39,37.4399,36.14,37.22,733.9741,20837,0.0,1.0
2012-05-07,37.74,37.93,35.88,37.68,743.0453,18344,0.0,1.0
2012-05-08,37.83,39.63,37.83,38.347,756.1984,29925,0.0,1.0
2012-05-09,39.27,40.17,38.35,38.7,763.1595,21809,0.0,1.0
2012-05-10,38.41,39.508,38.41,38.82,765.5259,10469,0.0,1.0
2012-05-11,38.82,38.82,37.22,38.13,751.9192,17527,0.0,1.0
2012-05-14,39.19,39.45,38.67,39.06,770.2587,14602,0.0,1.0
2012-05-15,38.87,39.71,38.62,39.69,782.6822,19716,0.0,1.0
2012-05-16,39.0,40.784,39.0,40.784,804.2558,29236,0.0,1.0
2012-05-17,40.79,42.08,40.51,42.08,829.8127,24508,0.0,1.0
2012-05-18,41.39,43.58,40.2,43.4,855.843,37835,0.0,1.0
2012-05-21,43.27,43.9,41.721,41.81,824.4884,28308,0.0,1.0
2012-05-22,41.51,43.1,41.51,42.55,839.0811,31618,0.0,1.0
2012-05-23,43.56,44.77,42.93,43.07,849.3354,27889,0.0,1.0
2012-05-24,43.2999,44.03,42.94,43.55,858.801,19527,0.0,1.0
2012-05-25,43.44,43.44,42.28,42.69,841.8419,8626,0.0,1.0
2012-05-29,41.36,42.0,40.75,41.27,813.8396,13879,0.0,1.0
2012-05-30,42.57,42.57,42.0293,42.1999,832.1772,8781,0.0,1.0
2012-05-31,42.69,43.68,42.32,42.94,846.7718,9517,0.0,1.0
2012-06-01,44.7,45.84,44.0,45.78,902.7763,40567,0.0,1.0
2012-06-04,44.83,46.8,44.83,45.9,905.1427,16798,0.0,1.0
2012-06-05,46.2,46.2,43.88,44.11,869.8441,15832,0.0,1.0
2012-06-06,43.64,43.64,41.23,41.29,814.234,14973,0.0,1.0
2012-06-07,40.17,42.27,40.17,42.19,831.9819,17008,0.0,1.0
2012-06-08,42.49,42.49,40.78,41.01,808.7125,12118,0.0,1.0
2012-06-11,40.03,42.63,39.9,42.63,840.6587,13997,0.0,1.0
2012-06-12,41.5801,42.3,40.61,40.67,802.0077,9076,0.0,1.0
2012-06-13,41.29,41.49,40.23,41.26,813.6424,10931,0.0,1.0
2012-06-14,40.71,41.51,40.6101,41.0,808.5153,4630,0.0,1.0
2012-06-15,41.01,41.01,39.64,39.64,781.6962,17158,0.0,1.0
2012-06-18,40.1899,40.1899,38.6,39.01,769.2727,9713,0.0,1.0
2012-06-19,38.5001,38.56,38.21,38.45,758.2296,7545,0.0,1.0
2012-06-20,38.2999,38.52,37.64,37.9,747.3836,6342,0.0,1.0
2012-06-21,38.7674,40.7399,38.55,40.52,799.0497,12996,0.0,1.0
2012-06-22,40.3899,40.42,39.49,39.71,783.0766,11070,0.0,1.0
2012-06-25,40.1301,42.49,40.1301,42.32,834.5455,18325,0.0,1.0
2012-06-26,42.3,43.0109,41.201,42.33,834.7427,20666,0.0,1.0
2012-06-27,42.005,42.005,41.17,41.52,818.7696,7750,0.0,1.0
2012-06-28,42.2,43.4189,41.82,42.22,832.5735,6730,0.0,1.0
2012-06-29,40.85,40.85,38.7,39.04,769.8643,18283,0.0,1.0
2012-07-02,39.39,39.87,38.13,39.2009,773.0372,13026,0.0,1.0
2012-07-03,39.0,39.1499,38.5,38.5,759.2156,6360,0.0,1.0
2012-07-05,38.92,39.09,38.6691,38.94,767.8923,4601,0.0,1.0
2012-07-06,39.52,41.44,39.52,40.79,804.3741,17260,0.0,1.0
2012-07-09,40.84,41.9,40.8101,41.2701,813.8416,6693,0.0,1.0
2012-07-10,41.27,43.44,40.96,43.09,849.7298,11192,0.0,1.0
2012-07-11,43.23,44.041,42.97,43.55,858.801,28939,0.0,1.0
2012-07-12,44.0,45.669,44.0,45.18,890.9444,10527,0.0,1.0
2012-07-13,44.9399,45.0,43.57,43.95,866.6889,15771,0.0,1.0
2012-07-16,43.96,45.11,43.7501,44.88,885.0284,7247,0.0,1.0
2012-07-17,44.38,46.25,44.2605,44.7499,882.4629,11420,0.0,1.0
2012-07-18,45.27,45.27,41.1,41.68,821.9248,21922,0.0,1.0
2012-07-19,40.95,41.29,40.381,41.01,808.7125,8262,0.0,1.0
2012-07-20,41.35,42.45,41.3,42.33,834.7427,13372,0.0,1.0
2012-07-23,44.21,44.98,42.99,43.3,853.871,28627,0.0,1.0
2012-07-24,43.6801,44.93,43.6801,44.1,869.6469,9724,0.0,1.0
2012-07-25,43.42,43.42,41.5,43.02,848.3494,16217,0.0,1.0
2012-07-26,41.13,41.7101,40.3401,41.25,813.4452,18748,0.0,1.0
2012-07-27,40.54,41.1699,39.13,39.558,780.0792,32881,0.0,1.0
2012-07-30,39.39,40.48,38.93,40.11,790.9646,13450,0.0,1.0
2012-07-31,39.04,40.03,38.9,39.96,788.0066,18600,0.0,1.0
2012-08-01,39.58,40.37,39.3989,39.78,784.457,9626,0.0,1.0
2012-08-02,39.99,40.4,38.53,39.55,779.9214,11880,0.0,1.0
2012-08-03,38.52,38.71,37.97,38.35,756.2576,13772,0.0,1.0
2012-08-06,37.9,38.06,37.26,38.06,750.5388,9825,0.0,1.0
2012-08-07,37.24,37.29,36.14,36.64,722.5366,13069,0.0,1.0
2012-08-08,36.64,36.85,36.21,36.43,718.3954,14256,0.0,1.0
2012-08-09,36.0,36.4189,35.85,36.08,711.4934,6375,0.0,1.0
2012-08-10,36.29,37.62,35.522,35.6,702.0279,25682,0.0,1.0
2012-08-13,35.95,36.63,35.86,35.86,707.1551,5030,0.0,1.0
2012-08-14,35.43,36.83,35.43,36.56,720.959,10700,0.0,1.0
2012-08-15,36.8,36.8,35.94,36.52,720.1702,6550,0.0,1.0
2012-08-16,36.55,36.55,35.37,35.52,700.4503,12302,0.0,1.0
2012-08-17,35.6,36.2,35.6,36.13,712.4794,5550,0.0,1.0
2012-08-20,35.87,36.7801,35.87,36.47,719.1842,15651,0.0,1.0
2012-08-21,36.33,36.6,35.62,36.58,721.3534,15428,0.0,1.0
2012-08-22,36.7299,37.4,36.7299,37.08,731.2133,13889,0.0,1.0
2012-08-23,37.9,38.54,37.73,38.15,752.3136,20390,0.0,1.0
2012-08-24,38.53,39.0,37.85,38.07,750.736,14100,0.0,1.0
2012-08-27,37.89,38.63,37.6,38.38,756.8492,6550,0.0,1.0
2012-08-28,38.95,38.95,38.278,38.43,757.8352,2250,0.0,1.0
2012-08-29,38.41,39.0,38.2,38.5,759.2156,3000,0.0,1.0
2012-08-30,39.0,39.8292,38.16,39.7099,783.0746,15249,0.0,1.0
2012-08-31,38.89,39.06,38.0,38.14,752.1164,6140,0.0,1.0
2012-09-04,38.25,40.0,38.25,39.25,774.0055,5090,0.0,1.0
2012-09-05,39.25,39.5,39.25,39.5,778.9354,2600,0.0,1.0
2012-09-06,38.4,38.43,36.8401,36.8401,726.4825,28836,0.0,1.0
2012-09-07,37.43,38.295,37.43,37.99,749.1584,15070,0.0,1.0
2012-09-10,38.63,39.81,38.5628,39.7967,784.7863,11975,0.0,1.0
2012-09-11,39.64,39.87,38.71,39.87,786.2318,8500,0.0,1.0
2012-09-12,39.977,40.0,39.1902,39.66,782.0906,6082,0.0,1.0
2012-09-13,39.37,40.22,38.61,39.06,770.2587,14015,0.0,1.0
2012-09-14,38.51,38.51,37.62,38.07,750.736,20990,0.0,1.0
2012-09-17,38.4,39.1498,37.91,38.84,765.9203,8561,0.0,1.0
2012-09-18,38.54,39.37,38.54,39.08,770.6531,25210,0.0,1.0
2012-09-19,39.35,39.54,39.1101,39.41,777.1607,1900,0.0,1.0
2012-09-20,40.46,40.65,40.01,40.25,793.7254,14690,0.0,1.0
2012-09-21,39.96,40.39,39.63,40.39,796.4861,4950,0.0,1.0
2012-09-24,41.42,41.805,40.91,41.61,820.5444,8282,0.0,1.0
2012-09-25,41.21,43.06,40.1301,43.06,849.1382,26436,0.0,1.0
2012-09-26,43.49,44.46,43.3573,43.62,860.1814,36181,0.0,1.0
2012-09-27,43.68,43.68,41.87,42.04,829.0239,19471,0.0,1.0
2012-09-28,42.82,43.23,42.17,43.0917,849.7634,5655,0.0,1.0
2012-10-01,43.65,43.65,40.64,43.46,857.0262,18453,0.0,1.0
2012-10-02,42.94,43.4899,42.78,42.92,846.3774,23531,0.0,1.0
2012-10-03,42.8799,43.61,42.262,43.61,859.9842,2016,0.0,1.0
2012-10-04,42.64,44.16,42.64,43.32,854.2654,4750,0.0,1.0
2012-10-05,42.59,42.94,41.7501,42.82,844.4055,16769,0.0,1.0
2012-10-08,43.28,43.77,43.28,43.52,858.2094,6060,0.0,1.0
2012-10-09,43.9,45.6183,43.9,45.27,892.7192,25205,0.0,1.0
2012-10-10,45.51,46.46,45.51,46.45,915.9886,17271,0.0,1.0
2012-10-11,45.99,46.44,45.45,46.22,911.4531,10890,0.0,1.0
2012-10-12,46.45,47.0,45.7401,46.9,924.8626,14344,0.0,1.0
2012-10-15,46.96,46.96,45.406,45.52,897.6491,12695,0.0,1.0
2012-10-16,44.58,44.63,43.25,43.31,854.0682,20539,0.0,1.0
2012-10-17,43.98,44.883,43.15,43.91,865.9001,10249,0.0,1.0
2012-10-18,43.91,44.617,43.69,44.2701,873.0013,39144,0.0,1.0
2012-10-19,45.6,46.4882,44.36,46.31,913.2279,35944,0.0,1.0
2012-10-22,46.76,46.79,45.4,46.12,909.4811,16403,0.0,1.0
2012-10-23,47.3,47.3,45.2917,45.47,896.6632,27977,0.0,1.0
2012-10-24,44.55,46.76,44.55,46.7599,922.0998,8970,0.0,1.0
2012-10-25,46.2,46.48,45.16,45.95,906.1287,9919,0.0,1.0
2012-10-26,46.2,46.2079,44.85,44.99,887.1976,21822,0.0,1.0
2012-10-31,43.9901,45.6,43.9901,45.58,898.8323,8913,0.0,1.0
2012-11-01,44.06,44.33,42.51,42.66,841.2503,10024,0.0,1.0
2012-11-02,41.74,44.34,41.74,44.22,872.0133,21453,0.0,1.0
2012-11-05,44.1,44.1,42.58,42.841,844.8196,3596,0.0,1.0
2012-11-06,43.0,43.26,41.56,42.34,834.9399,23932,0.0,1.0
2012-11-07,43.5,45.15,43.42,44.82,883.8452,13299,0.0,1.0
2012-11-08,45.02,45.7199,44.6829,45.71,901.3959,4300,0.0,1.0
2012-11-09,46.41,46.41,44.4802,45.62,899.6211,6040,0.0,1.0
2012-11-12,45.0,46.44,45.0,45.83,903.7623,8760,0.0,1.0
2012-11-13,45.9,46.8,45.5001,46.77,922.299,5093,0.0,1.0
2012-11-14,45.86,48.26,45.86,48.09,948.3293,14161,0.0,1.0
2012-11-15,48.72,48.91,47.301,48.64,959.1752,10614,0.0,1.0
2012-11-16,48.2,50.08,48.2,48.7201,960.7548,22657,0.0,1.0
2012-11-19,48.1,48.29,47.05,47.13,929.3982,11049,0.0,1.0
2012-11-20,47.0,49.0,47.0,48.26,951.6816,11472,0.0,1.0
2012-11-21,48.3,48.7771,48.03,48.5554,957.5069,4422,0.0,1.0
2012-11-23,48.5,48.5,46.3,46.866,924.1921,15267,0.0,1.0
2012-11-26,47.1,47.1,45.92,46.38,914.6082,5283,0.0,1.0
2012-11-27,46.0,46.42,45.3919,46.42,915.397,3400,0.0,1.0
2012-11-28,47.47,47.47,45.18,45.36,894.494,7717,0.0,1.0
2012-11-29,45.0,45.99,45.0,45.75,902.1847,5196,0.0,1.0
2012-11-30,45.43,45.92,45.2837,45.83,903.7623,3578,0.0,1.0
2012-12-03,44.92,46.17,44.77,45.79,902.9735,4904,0.0,1.0
2012-12-04,45.4299,45.7999,44.48,44.98,887.0004,2300,0.0,1.0
2012-12-05,45.0,45.4,44.64,45.09,889.1696,2075,0.0,1.0
2012-12-06,44.8,44.8,43.82,43.82,864.1253,5320,0.0,1.0
2012-12-07,43.16,43.8201,43.16,43.82,864.1253,1500,0.0,1.0
2012-12-10,43.21,43.416,43.05,43.1,849.927,6392,0.0,1.0
2012-12-11,43.08,43.08,41.091,41.28,814.0368,10963,0.0,1.0
2012-12-12,40.64,41.65,40.64,41.41,816.6004,27188,0.0,1.0
2012-12-13,41.7,42.63,41.0,42.53,838.6867,8163,0.0,1.0
2012-12-14,42.48,43.01,41.94,42.67,841.4475,34489,0.0,1.0
2012-12-17,42.27,42.85,42.0,42.14,830.9959,2710,0.0,1.0
2012-12-18,41.7,42.0,40.54,40.57,800.0357,6097,0.0,1.0
2012-12-19,40.6,40.6,39.65,40.19,792.5422,5360,0.0,1.0
2012-12-20,40.9499,40.9499,40.58,40.9,806.5433,400,0.0,1.0
2012-12-21,43.0,43.15,41.33,41.5,818.3752,4980,0.0,1.0
2012-12-24,42.41,42.41,41.7,41.88,825.8688,3219,0.0,1.0
2012-12-26,41.54,41.54,41.54,41.54,819.164,100,0.0,1.0
2012-12-27,42.51,43.17,42.3,42.35,835.1371,2425,0.0,1.0
2012-12-28,42.5,43.15,42.5,43.0201,848.3514,4485,0.0,1.0
2012-12-31,42.7915,42.9715,41.56,41.56,819.5584,4154,0.0,1.0
2013-01-02,39.523,39.523,38.26,38.26,754.4828,6985,0.0,1.0
2013-01-03,38.12,38.59,38.12,38.3902,757.0503,5311,0.0,1.0
2013-01-04,38.91,38.95,38.8001,38.89,766.9063,2468,0.0,1.0
2013-01-07,38.38,39.0899,38.38,38.722,763.5934,2509,0.0,1.0
2013-01-08,39.67,39.9,39.47,39.9,786.8234,2200,0.0,1.0
2013-01-09,39.9,39.9,39.9,39.9,786.8234,0,0.0,1.0
2013-01-10,37.97,38.57,37.91,38.01,749.5528,7246,0.0,1.0
2013-01-11,37.8,37.91,37.668,37.73,744.0312,2700,0.0,1.0
2013-01-14,37.73,38.16,37.73,38.16,752.5108,2800,0.0,1.0
2013-01-15,38.39,38.39,38.35,38.36,756.4548,985,0.0,1.0
2013-01-16,37.89,37.89,37.11,37.15,732.5937,5580,0.0,1.0
2013-01-17,37.25,37.25,35.24,35.45,699.0699,15198,0.0,1.0
2013-01-18,37.0,37.43,36.88,37.27,734.9601,17734,0.0,1.0
2013-01-22,37.79,37.79,37.441,37.47,738.9041,850,0.0,1.0
2013-01-23,37.39,37.42,37.19,37.21,733.7769,5601,0.0,1.0
2013-01-24,37.504,37.65,37.322,37.62,741.8621,1343,0.0,1.0
2013-01-25,36.95,37.0,36.8,36.93,728.2553,1000,0.0,1.0
2013-01-28,36.5001,36.73,36.41,36.63,722.3394,5802,0.0,1.0
2013-01-29,36.7901,36.8959,36.7901,36.8698,727.0682,500,0.0,1.0
2013-01-30,36.54,36.54,36.43,36.43,718.3954,1784,0.0,1.0
2013-01-31,36.84,37.1,36.84,37.0999,731.6057,750,0.0,1.0
2013-02-01,36.25,36.25,35.6,35.6,702.0279,3450,0.0,1.0
2013-02-04,35.975,36.54,35.74,36.54,720.5646,3995,0.0,1.0
2013-02-05,36.47,36.47,35.4,35.78,705.5775,6491,0.0,1.0
2013-02-06,35.99,35.99,35.681,35.704,704.0788,900,0.0,1.0
2013-02-07,36.35,36.8,36.35,36.36,717.015,2800,0.0,1.0
2013-02-08,36.0,36.0,35.01,35.28,695.7175,17633,0.0,1.0
2013-02-11,35.2,35.2,35.03,35.06,691.3792,750,0.0,1.0
2013-02-12,35.17,35.17,34.85,34.85,687.238,2300,0.0,1.0
2013-02-13,34.55,35.0,34.5,35.0,690.196,1050,0.0,1.0
2013-02-14,34.61,34.61,34.02,34.18,674.0257,9872,0.0,1.0
2013-02-15,34.2,34.71,33.99,34.7099,684.4752,3300,0.0,1.0
2013-02-19,34.05,34.3584,33.98,34.0,670.4761,9475,0.0,1.0
2013-02-20,33.71,35.58,33.71,35.58,701.6335,12780,0.0,1.0
2013-02-21,36.0,37.5299,35.701,37.13,732.1993,25675,0.0,1.0
2013-02-22,37.0,37.0,35.579,35.77,705.3803,23343,0.0,1.0
2013-02-25,34.69,36.86,34.69,36.86,726.8749,23524,0.0,1.0
2013-02-26,36.47,37.84,35.8,36.14,712.6766,68670,0.0,1.0
2013-02-27,35.6199,35.75,34.55,34.781,685.8773,24887,0.0,1.0
2013-02-28,34.7801,34.9,34.32,34.8999,688.222,8540,0.0,1.0
2013-03-01,35.45,36.07,35.0,35.05,691.182,8540,0.0,1.0
2013-03-04,35.55,35.55,35.05,35.17,693.5483,4149,0.0,1.0
2013-03-05,35.16,35.16,33.9,33.93,669.0957,23372,0.0,1.0
2013-03-06,33.56,33.8,33.11,33.55,661.6021,10153,0.0,1.0
2013-03-07,32.89,33.5075,32.89,33.3,656.6722,6200,0.0,1.0
2013-03-08,33.5,33.8509,33.0,33.31,656.8694,16935,0.0,1.0
2013-03-11,33.3,33.8,33.0401,33.18,654.3058,7725,0.0,1.0
2013-03-12,33.63,33.63,33.0,33.26,655.8834,5353,0.0,1.0
2013-03-13,33.3,33.3799,32.74,32.87,648.1926,5533,0.0,1.0
2013-03-14,32.65,32.65,32.03,32.52,641.2906,15285,0.0,1.0
2013-03-15,33.79,33.79,32.72,33.45,659.6301,7078,0.0,1.0
2013-03-18,33.9,34.59,33.01,34.1,672.4481,26763,0.0,1.0
2013-03-19,33.64,34.9399,33.6,34.32,676.7864,15341,0.0,1.0
2013-03-20,34.2,34.2,33.6,33.6,662.5881,5700,0.0,1.0
2013-03-21,34.0,34.758,34.0,34.48,679.9416,15377,0.0,1.0
2013-03-22,34.38,34.3899,33.65,33.88,668.1097,5658,0.0,1.0
2013-03-25,33.35,34.51,33.35,33.9901,670.2808,8217,0.0,1.0
2013-03-26,33.68,33.68,33.0,33.03,651.3478,7605,0.0,1.0
2013-03-27,33.799,33.799,32.81,32.9599,649.9654,16650,0.0,1.0
2013-03-28,32.5001,33.36,32.37,32.38,638.5299,11379,0.0,1.0
2013-04-01,32.21,33.89,31.6,33.7,664.5601,17452,0.0,1.0
2013-04-02,33.59,34.5,33.59,34.2,674.4201,14770,0.0,1.0
2013-04-03,34.15,35.8799,33.98,35.431,698.6952,19685,0.0,1.0
2013-04-04,35.42,35.5,34.84,34.89,688.0268,11210,0.0,1.0
2013-04-05,36.2,36.549,35.23,35.49,699.8587,15911,0.0,1.0
2013-04-08,35.63,35.949,34.5501,34.68,683.8856,18102,0.0,1.0
2013-04-09,34.78,34.78,33.33,33.769,665.9208,17731,0.0,1.0
2013-04-10,33.28,33.28,31.86,31.961,630.2672,238155,0.0,1.0
2013-04-11,32.8,32.9995,32.381,32.71,645.0374,6723,0.0,1.0
2013-04-12,33.0,33.5557,32.92,33.049,651.7225,10595,0.0,1.0
2013-04-15,33.32,34.25,33.1,33.931,669.1154,12095,0.0,1.0
2013-04-16,34.08,34.739,32.69,32.83,647.4038,8095,0.0,1.0
2013-04-17,33.89,34.92,33.52,34.4,678.364,39610,0.0,1.0
2013-04-18,33.4301,34.92,33.36,34.87,687.6324,9695,0.0,1.0
2013-04-19,34.24,35.45,34.24,34.5,680.336,3655,0.0,1.0
2013-04-22,34.8,35.06,33.331,33.64,663.3769,8250,0.0,1.0
2013-04-23,33.06,33.06,32.001,32.102,633.0477,29393,0.0,1.0
2013-04-24,32.4,32.4,31.1101,31.31,617.4296,36124,0.0,1.0
2013-04-25,30.77,31.16,30.52,31.12,613.6828,28191,0.0,1.0
2013-04-26,31.62,31.75,31.38,31.53,621.768,3563,0.0,1.0
2013-04-29,32.0,32.0,30.8,30.9,609.3444,7563,0.0,1.0
2013-04-30,30.78,31.14,30.42,30.43,600.0761,10806,0.0,1.0
2013-05-01,30.35,30.72,30.2,30.69,605.2033,29050,0.0,1.0
2013-05-02,30.58,30.58,29.9613,30.02,591.9909,204790,0.0,1.0
2013-05-03,29.55,29.55,29.12,29.41,579.9618,13234,0.0,1.0
2013-05-06,29.2,29.2,28.8401,28.9801,571.4842,6285,0.0,1.0
2013-05-07,28.82,29.1601,28.82,29.04,572.6654,8212,0.0,1.0
2013-05-08,29.1699,29.1699,28.51,28.51,562.2139,3326,0.0,1.0
2013-05-09,28.64,28.64,28.2,28.2401,556.8915,4350,0.0,1.0
2013-05-10,28.163,28.24,27.94,27.94,550.9736,6257,0.0,1.0
2013-05-13,28.1901,28.6,28.1901,28.5001,562.0187,207434,0.0,1.0
2013-05-14,28.5001,28.67,28.38,28.5499,563.0007,5584,0.0,1.0
2013-05-15,28.55,28.55,27.9,27.999,552.137,207036,0.0,1.0
2013-05-16,27.84,28.3,27.48,28.07,553.5372,5401,0.0,1.0
2013-05-17,27.6,27.874,27.6,27.61,544.466,3789,0.0,1.0
2013-05-20,27.58,27.58,27.56,27.56,543.48,300,0.0,1.0
2013-05-21,27.6825,27.6825,27.6825,27.6825,545.8957,407,0.0,1.0
2013-05-22,27.25,28.755,27.2,28.5499,563.0007,235299,0.0,1.0
2013-05-23,28.7,29.05,28.56,28.64,564.7775,9936,0.0,1.0
2013-05-24,29.0,29.15,28.6,28.7599,567.1419,3820,0.0,1.0
2013-05-28,27.8,28.2,27.7201,28.2,556.1007,6081,0.0,1.0
2013-05-29,28.12,28.52,27.75,27.75,547.2268,4047,0.0,1.0
2013-05-30,27.75,27.75,27.15,27.3,538.3528,4832,0.0,1.0
2013-05-31,27.5,27.63,27.0,27.63,544.8604,1100,0.0,1.0
2013-06-03,27.0229,27.4,26.979,27.01,532.6341,3535,0.0,1.0
2013-06-04,26.76,26.824,26.0,26.67,525.9293,12724,0.0,1.0
2013-06-05,27.0,27.7,27.0,27.69,546.0436,6516,0.0,1.0
2013-06-06,27.7,28.5,27.5,27.946,551.0919,3345,0.0,1.0
2013-06-07,27.96,28.13,27.385,27.5,542.2968,6576,0.0,1.0
2013-06-10,27.07,27.52,26.75,27.069,533.7976,6027,0.0,1.0
2013-06-11,27.771,27.9999,27.25,27.9999,552.1548,5881,0.0,1.0
2013-06-12,27.57,28.819,27.57,28.676,565.4874,8381,0.0,1.0
2013-06-13,29.24,29.24,27.46,27.46,541.508,8864,0.0,1.0
2013-06-14,27.34,27.784,27.3288,27.6,544.2688,3827,0.0,1.0
2013-06-17,26.55,27.35,26.53,27.12,534.8033,432835,0.0,1.0
2013-06-18,27.2,27.2,25.9801,26.07,514.0974,219945,0.0,1.0
2013-06-19,26.2,26.645,25.99,26.645,525.4363,5670,0.0,1.0
2013-06-20,27.28,28.52,27.28,28.25,557.0867,9608,0.0,1.0
2013-06-21,27.59,28.7,27.59,28.23,556.6923,7556,0.0,1.0
2013-06-24,28.89,29.7699,28.67,29.4,579.7646,19230,0.0,1.0
2013-06-25,28.2,29.0,28.2,28.41,560.2419,2940,0.0,1.0
2013-06-26,28.23,28.34,27.65,28.24,556.8895,27110,0.0,1.0
2013-06-27,27.85,27.98,27.5,27.9,550.1848,9933,0.0,1.0
2013-06-28,27.82,28.5906,27.4206,27.75,547.2268,5059,0.0,1.0
2013-07-01,28.35,28.35,27.4,27.5167,542.6261,1405,0.0,1.0
2013-07-02,28.32,28.32,28.32,28.32,558.4671,100,0.0,1.0
2013-07-03,28.38,28.86,27.78,27.8074,548.3587,2625,0.0,1.0
2013-07-05,27.02,27.58,27.02,27.1853,536.091,4718,0.0,1.0
2013-07-08,27.31,28.5,27.31,28.37,559.4531,5875,0.0,1.0
2013-07-09,27.83,28.122,27.75,28.02,552.5512,3995,0.0,1.0
2013-07-10,27.6601,27.68,27.45,27.5499,543.2808,2924,0.0,1.0
2013-07-11,27.0,27.0,26.15,26.15,515.675,12390,0.0,1.0
2013-07-12,26.18,26.3799,26.02,26.02,513.1114,1010,0.0,1.0
2013-07-15,26.17,26.18,26.0,26.0992,514.6732,823,0.0,1.0
2013-07-16,26.0,26.0099,25.71,25.8,508.773,211460,0.0,1.0
2013-07-17,25.64,25.85,25.6,25.72,507.1954,3200,0.0,1.0
2013-07-18,26.1,26.55,26.1,26.35,519.619,16989,0.0,1.0
2013-07-19,26.601,26.85,26.49,26.49,522.3797,6630,0.0,1.0
2013-07-22,26.46,26.6883,26.44,26.6883,526.2902,201700,0.0,1.0
2013-07-23,26.23,26.75,26.23,26.66,525.7321,3063,0.0,1.0
2013-07-24,27.0398,27.37,26.95,27.25,537.3669,11854,0.0,1.0
2013-07-25,27.37,27.53,26.89,26.97,531.8453,22325,0.0,1.0
2013-07-26,27.4,27.59,27.33,27.33,538.9444,1108,0.0,1.0
2013-07-29,27.33,27.659,27.02,27.519,542.6715,3984,0.0,1.0
2013-07-30,27.34,27.39,26.75,27.06,533.6201,5500,0.0,1.0
2013-07-31,26.682,26.81,26.5,26.621,524.963,6359,0.0,1.0
2013-08-01,25.9,26.4788,25.9,26.01,512.9142,8239,0.0,1.0
2013-08-02,26.405,26.532,26.23,26.23,517.2526,500,0.0,1.0
2013-08-05,26.464,26.59,26.44,26.44,521.3937,1800,0.0,1.0
2013-08-06,26.88,26.88,26.6501,26.69,526.3237,3925,0.0,1.0
2013-08-07,26.98,27.1,26.98,27.04,533.2257,2592,0.0,1.0
2013-08-08,27.0,27.25,26.67,27.2305,536.9823,2195,0.0,1.0
2013-08-09,27.33,27.33,27.25,27.25,537.3669,300,0.0,1.0
2013-08-12,26.23,27.39,26.23,27.1139,534.683,5585,0.0,1.0
2013-08-13,26.5501,27.23,26.55,26.6,524.5489,2697,0.0,1.0
2013-08-14,27.07,27.07,26.69,26.87,529.8733,2942,0.0,1.0
2013-08-15,27.36,28.41,27.36,28.41,560.2419,11684,0.0,1.0
2013-08-16,28.41,28.41,27.79,28.232,556.7318,6972,0.0,1.0
2013-08-19,27.89,28.42,27.89,28.15,555.1148,2793,0.0,1.0
2013-08-20,28.32,28.32,27.65,27.88,549.7904,3453,0.0,1.0
2013-08-21,28.338,28.6,28.28,28.51,562.2139,3353,0.0,1.0
2013-08-22,28.0,28.1499,28.0,28.1499,555.1128,210,0.0,1.0
2013-08-23,27.87,28.019,27.76,27.78,547.8184,5700,0.0,1.0
2013-08-26,27.78,27.78,27.78,27.78,547.8184,0,0.0,1.0
2013-08-27,27.79,29.27,27.79,29.2,575.8206,17850,0.0,1.0
2013-08-28,29.24,29.24,28.447,28.5301,562.6103,9072,0.0,1.0
2013-08-29,28.56,28.56,27.9901,28.31,558.2699,9845,0.0,1.0
2013-08-30,28.889,28.93,28.67,28.93,570.4963,2311,0.0,1.0
2013-09-03,28.01,28.59,27.99,28.59,563.7915,4834,0.0,1.0
2013-09-04,28.18,28.18,26.73,27.03,533.0285,20045,0.0,1.0
2013-09-05,26.78,26.9666,26.6501,26.7,526.5209,13162,0.0,1.0
2013-09-06,26.13,27.205,26.13,26.7,526.5209,2720,0.0,1.0
2013-09-09,26.46,26.61,26.0801,26.16,515.8722,7712,0.0,1.0
2013-09-10,25.7,25.7218,25.44,25.534,503.5275,7152,0.0,1.0
2013-09-11,25.54,26.0099,25.336,25.7,506.801,42947,0.0,1.0
2013-09-12,25.53,25.95,25.53,25.84,509.5618,85900,0.0,1.0
2013-09-13,25.65,25.79,25.35,25.35,499.8991,41468,0.0,1.0
2013-09-16,25.0,25.239,24.9,25.12,495.3635,8678,0.0,1.0
2013-09-17,24.75,24.8499,24.61,24.69,486.884,242830,0.0,1.0
2013-09-18,24.7816,24.7816,24.261,24.355,480.2778,1364,0.0,1.0
2013-09-19,24.3,24.531,24.3,24.449,482.1315,1725,0.0,1.0
2013-09-20,24.501,24.78,24.501,24.78,488.6587,400,0.0,1.0
2013-09-23,24.78,25.05,24.6599,24.959,492.1886,2547,0.0,1.0
2013-09-24,24.7,24.71,24.57,24.61,485.3064,2810,0.0,1.0
2013-09-25,24.79,24.84,24.5,24.55,484.1232,3025,0.0,1.0
2013-09-26,24.37,24.97,24.29,24.74,487.8699,6356,0.0,1.0
2013-09-27,25.05,25.34,24.9912,25.0901,494.7739,1600,0.0,1.0
2013-09-30,25.7,25.839,25.1,25.16,496.1523,5455,0.0,1.0
2013-10-01,24.81,25.05,24.72,25.05,493.9831,1930,0.0,1.0
2013-10-02,25.05,25.05,25.05,25.05,493.9831,0,0.0,1.0
2013-10-03,25.0,25.68,24.9701,25.23,497.5327,2900,0.0,1.0
2013-10-04,24.9701,24.9701,24.7001,24.7001,487.0831,1686,0.0,1.0
2013-10-07,24.9,24.92,24.7,24.92,491.4195,1500,0.0,1.0
2013-10-08,25.1299,25.89,25.08,25.83,509.3646,3314,0.0,1.0
2013-10-09,25.7026,26.15,25.64,25.7,506.801,8199,0.0,1.0
2013-10-10,24.82,24.97,24.23,24.56,484.3204,2671,0.0,1.0
2013-10-11,24.8,24.91,24.3701,24.5899,484.91,1674,0.0,1.0
2013-10-14,24.49,24.5,24.1,24.17,476.6296,4019,0.0,1.0
2013-10-15,24.06,24.51,24.06,24.45,482.1512,2212,0.0,1.0
2013-10-16,24.3,24.4099,23.9501,24.03,473.8688,12800,0.0,1.0
2013-10-17,24.03,24.22,23.56,23.63,465.9809,47121,0.0,1.0
2013-10-18,23.63,23.79,23.63,23.63,465.9809,1000,0.0,1.0
2013-10-21,23.49,23.51,23.33,23.41,461.6425,6325,0.0,1.0
2013-10-22,23.5199,23.64,23.51,23.51,463.6145,800,0.0,1.0
2013-10-23,24.91,25.01,24.69,24.75,488.0671,18422,0.0,1.0
2013-10-24,24.569,24.59,24.38,24.59,484.912,3150,0.0,1.0
2013-10-25,24.19,24.346,24.08,24.346,480.1003,1685,0.0,1.0
2013-10-28,24.17,24.19,23.8501,23.99,473.08,7400,0.0,1.0
2013-10-29,23.49,23.51,23.116,23.116,455.8449,19947,0.0,1.0
2013-10-30,23.28,23.33,23.2001,23.25,458.4873,825,0.0,1.0
2013-10-31,23.11,23.14,22.8,23.14,456.3181,12680,0.0,1.0
2013-11-01,22.84,23.358,22.84,23.26,458.6845,4165,0.0,1.0
2013-11-04,23.29,23.509,23.29,23.4,461.4453,900,0.0,1.0
2013-11-05,23.43,23.43,23.26,23.27,458.8817,495,0.0,1.0
2013-11-06,23.27,23.27,23.27,23.27,458.8817,0,0.0,1.0
2013-11-07,23.7199,23.7199,23.5098,23.7,467.3613,1200,0.0,1.0
2013-11-08,23.6801,23.6999,23.28,23.28,459.0789,2020,0.0,1.0
2013-11-11,23.25,23.33,23.25,23.25,458.4873,2100,0.0,1.0
2013-11-12,23.0299,23.1,23.0299,23.1,455.5293,1100,0.0,1.0
2013-11-13,22.99,23.03,22.56,22.56,444.8806,13000,0.0,1.0
2013-11-14,22.92,22.938,22.76,22.85,450.5994,3100,0.0,1.0
2013-11-15,22.75,22.8,22.628,22.74,448.4302,800,0.0,1.0
2013-11-18,22.5,22.97,22.5,22.97,452.9657,3689,0.0,1.0
2013-11-19,22.92,23.05,22.92,23.05,454.5433,900,0.0,1.0
2013-11-20,23.32,23.81,23.252,23.62,465.7837,13025,0.0,1.0
2013-11-21,22.95,22.95,22.95,22.95,452.5714,100,0.0,1.0
2013-11-22,23.0,23.1501,22.95,23.05,454.5433,5700,0.0,1.0
2013-11-25,23.0354,23.3,23.0354,23.3,459.4733,900,0.0,1.0
2013-11-26,23.3,23.3,23.3,23.3,459.4733,0,0.0,1.0
2013-11-27,23.2101,23.2101,23.01,23.05,454.5433,10934,0.0,1.0
2013-11-29,22.01,22.7,22.01,22.69,447.4442,10707,0.0,1.0
2013-12-02,22.87,22.91,22.8,22.84,450.4022,25261,0.0,1.0
2013-12-03,22.825,22.825,22.825,22.825,450.1064,236,0.0,1.0
2013-12-04,22.78,23.3399,22.6001,22.91,451.7826,235154,0.0,1.0
2013-12-05,22.79,22.79,22.5001,22.58,445.275,2700,0.0,1.0
2013-12-06,21.938,22.0075,21.83,22.0,433.8375,243814,0.0,1.0
2013-12-09,21.668,21.8,21.668,21.8,429.8935,3123,0.0,1.0
2013-12-10,21.7,21.91,21.7,21.82,430.2879,241972,0.0,1.0
2013-12-11,21.95,22.5,21.87,22.46,442.9086,246034,0.0,1.0
2013-12-12,22.32,22.646,22.23,22.62,446.0638,249550,0.0,1.0
2013-12-13,22.74,22.8,22.66,22.77,449.0218,1132,0.0,1.0
2013-12-16,22.14,22.21,22.0,22.21,437.9786,2954,0.0,1.0
2013-12-17,22.27,22.27,21.66,21.7,427.9215,2268,0.0,1.0
2013-12-18,21.71,22.09,21.34,21.34,420.8223,20074,0.0,1.0
2013-12-19,21.665,21.825,21.53,21.68,427.5271,306123,0.0,1.0
2013-12-20,21.5,21.55,21.09,21.2599,419.2428,259168,0.0,1.0
2013-12-23,21.27,21.27,20.96,20.96,413.3288,8667,0.0,1.0
2013-12-24,20.81,20.85,20.7,20.7001,408.2036,4279,0.0,1.0
2013-12-26,20.66,20.67,20.6,20.6346,406.9119,7150,0.0,1.0
2013-12-27,20.5799,20.78,20.5799,20.68,407.8072,2110,0.0,1.0
2013-12-30,20.71,20.79,20.431,20.52,404.652,8634,0.0,1.0
2013-12-31,20.36,20.45,20.1401,20.25,399.3277,10915,0.0,1.0
2014-01-02,20.68,20.83,20.68,20.6999,408.1996,236509,0.0,1.0
2014-01-03,20.61,20.71,20.61,20.71,408.3988,236396,0.0,1.0
2014-01-06,20.9,20.9507,20.85,20.92,412.54,2941,0.0,1.0
2014-01-07,20.59,20.61,20.59,20.61,406.4268,1500,0.0,1.0
2014-01-08,20.34,20.52,20.22,20.25,399.3277,207342,0.0,1.0
2014-01-09,20.28,20.58,20.24,20.46,403.4688,207138,0.0,1.0
2014-01-10,20.27,20.41,20.16,20.2,398.3417,31815,0.0,1.0
2014-01-13,20.22,20.71,20.07,20.71,408.3988,158429,0.0,1.0
2014-01-14,20.34,20.34,19.48,19.4803,384.1493,156207,0.0,1.0
2014-01-15,19.32,19.35,19.09,19.09,376.4526,8116,0.0,1.0
2014-01-16,19.22,19.53,19.19,19.52,384.9321,6814,0.0,1.0
2014-01-17,19.86,20.02,19.7,19.97,393.8061,8638,0.0,1.0
2014-01-21,19.7,20.06,19.7,20.02,394.7921,1341,0.0,1.0
2014-01-22,19.595,19.595,19.5445,19.5645,385.8097,1080,0.0,1.0
2014-01-23,19.75,20.1599,19.75,20.1599,397.5509,2524,0.0,1.0
2014-01-24,20.27,20.82,20.25,20.79,409.9764,5129,0.0,1.0
2014-01-27,20.87,21.08,20.65,20.92,412.54,4317,0.0,1.0
2014-01-28,20.69,20.69,20.69,20.69,408.0044,578,0.0,1.0
2014-01-29,20.86,21.03,20.654,21.03,414.7092,1547,0.0,1.0
2014-01-30,20.78,20.91,20.48,20.57,405.638,6593,0.0,1.0
2014-01-31,21.0,21.2696,20.77,20.8601,411.3588,1974,0.0,1.0
2014-02-03,21.0,21.95,20.99,21.8304,430.493,6745,0.0,1.0
2014-02-04,22.0,22.0,21.86,21.9,431.8655,1157,0.0,1.0
2014-02-05,22.2567,22.2567,21.64,21.83,430.4851,2770,0.0,1.0
2014-02-06,21.63,21.63,21.0301,21.08,415.6952,3570,0.0,1.0
2014-02-07,20.8976,21.07,20.7201,20.729,408.7735,4492,0.0,1.0
2014-02-10,20.52,20.52,20.32,20.32,400.7081,931,0.0,1.0
2014-02-11,20.0999,20.0999,19.8801,19.9,392.4257,2524,0.0,1.0
2014-02-12,19.75,19.8065,19.65,19.66,387.6929,12138,0.0,1.0
2014-02-13,19.77,19.84,19.12,19.12,377.0442,9990,0.0,1.0
2014-02-14,19.27,19.27,19.03,19.03,375.2694,6673,0.0,1.0
2014-02-18,19.03,19.16,18.9399,18.9399,373.4926,7247,0.0,1.0
2014-02-19,18.88,19.036,18.82,19.02,375.0722,6481,0.0,1.0
2014-02-20,19.12,19.12,18.6,18.6,366.7899,10766,0.0,1.0
2014-02-21,18.6799,18.94,18.6799,18.9278,373.254,4641,0.0,1.0
2014-02-24,18.5399,18.58,18.38,18.58,366.3955,2973,0.0,1.0
2014-02-25,18.8055,18.97,18.79,18.8799,372.3094,1710,0.0,1.0
2014-02-26,18.67,18.67,18.2501,18.4,362.8459,2891,0.0,1.0
2014-02-27,18.5101,18.61,18.5101,18.54,365.6067,830,0.0,1.0
2014-02-28,18.63,18.75,18.43,18.47,364.2263,15698,0.0,1.0
2014-03-03,18.7094,18.996,18.6801,18.9168,373.0371,4416,0.0,1.0
2014-03-04,18.36,18.36,18.12,18.15,357.9159,4806,0.0,1.0
2014-03-05,18.1204,18.348,18.1204,18.2899,360.6747,1666,0.0,1.0
2014-03-06,18.1153,18.1499,17.94,17.99,354.7607,5328,0.0,1.0
2014-03-07,17.98,18.06,17.812,18.0599,356.1391,2094,0.0,1.0
2014-03-10,18.0799,18.0799,18.0,18.0,354.9579,3715,0.0,1.0
2014-03-11,18.05,18.25,18.05,18.16,358.1131,5486,0.0,1.0
2014-03-12,18.2699,18.2699,17.9004,17.91,353.1831,4349,0.0,1.0
2014-03-13,18.36,18.6095,18.36,18.5599,365.9991,17941,0.0,1.0
2014-03-14,18.62,18.62,18.42,18.6099,366.9851,3657,0.0,1.0
2014-03-17,18.5,18.5,18.15,18.15,357.9159,2063,0.0,1.0
2014-03-18,17.92,17.92,17.74,17.74,349.8308,1261,0.0,1.0
2014-03-19,17.71,17.71,17.5,17.66,348.2532,3778,0.0,1.0
2014-03-20,17.51,17.51,17.06,17.11,337.4072,2817,0.0,1.0
2014-03-21,17.1096,17.36,16.906,17.32,341.5484,13971,0.0,1.0
2014-03-24,17.5,17.7343,17.43,17.43,343.7176,5348,0.0,1.0
2014-03-25,17.03,17.3893,17.03,17.25,340.168,5111,0.0,1.0
2014-03-26,17.25,17.6,17.04,17.5668,346.4153,3178,0.0,1.0
2014-03-27,17.68,17.9999,17.63,17.91,353.1831,5428,0.0,1.0
2014-03-28,17.5,17.5401,17.4999,17.5401,345.8887,670,0.0,1.0
2014-03-31,17.44,17.44,17.05,17.11,337.4072,2714,0.0,1.0
2014-04-01,17.0,17.14,16.8,16.8,331.2941,7914,0.0,1.0
2014-04-02,16.61,16.88,16.61,16.7,329.3221,8736,0.0,1.0
2014-04-03,16.52,16.6201,16.4,16.6191,327.7267,6290,0.0,1.0
2014-04-04,16.459,17.408,16.39,17.28,340.7596,18880,0.0,1.0
2014-04-07,17.36,17.53,17.001,17.5,345.098,12465,0.0,1.0
2014-04-08,17.57,17.57,17.03,17.07,336.6184,4099,0.0,1.0
2014-04-09,16.99,17.07,16.71,16.71,329.5193,6068,0.0,1.0
2014-04-10,16.72,17.7,16.72,17.7,349.042,14526,0.0,1.0
2014-04-11,18.0,18.1901,17.7099,18.1901,358.7067,15068,0.0,1.0
2014-04-14,17.99,18.16,17.7301,17.84,351.8027,1486,0.0,1.0
2014-04-15,17.84,18.09,17.61,17.61,347.2672,8552,0.0,1.0
2014-04-16,17.35,18.06,17.34,17.8012,351.0376,3203,0.0,1.0
2014-04-17,17.34,17.34,17.11,17.1501,338.198,8419,0.0,1.0
2014-04-21,17.25,17.34,16.9901,17.03,335.8296,1659,0.0,1.0
2014-04-22,16.82,16.831,16.65,16.65,328.3361,8071,0.0,1.0
2014-04-23,16.7,16.74,16.6729,16.69,329.1249,3797,0.0,1.0
2014-04-24,16.46,16.67,16.31,16.47,324.7865,3740,0.0,1.0
2014-04-25,17.02,17.6072,17.02,17.437,343.8556,4478,0.0,1.0
2014-04-28,17.47,18.1599,17.3899,17.6665,348.3813,8491,0.0,1.0
2014-04-29,17.61,17.61,17.42,17.42,343.5204,1574,0.0,1.0
2014-04-30,17.2714,17.36,17.2714,17.36,342.3372,750,0.0,1.0
2014-05-01,17.1801,17.43,16.96,17.43,343.7176,4193,0.0,1.0
2014-05-02,17.3047,17.3365,17.1,17.3,341.154,2683,0.0,1.0
2014-05-05,17.3,17.33,17.16,17.33,341.7456,1632,0.0,1.0
2014-05-06,17.21,17.31,17.21,17.27,340.5624,1373,0.0,1.0
2014-05-07,17.54,17.54,17.34,17.34,341.9428,2707,0.0,1.0
2014-05-08,17.02,17.2,16.8399,17.2,339.182,1597,0.0,1.0
2014-05-09,17.4,17.4,17.26,17.26,340.3652,609,0.0,1.0
2014-05-12,16.8,16.9,16.8,16.85,332.2801,2902,0.0,1.0
2014-05-13,16.8035,16.9765,16.69,16.9765,334.7746,3150,0.0,1.0
2014-05-14,17.05,17.14,17.05,17.1,337.21,1950,0.0,1.0
2014-05-15,17.45,17.83,17.45,17.76,350.2252,8969,0.0,1.0
2014-05-16,17.65,17.65,17.44,17.44,343.9148,1057,0.0,1.0
2014-05-19,17.36,17.42,16.98,17.03,335.8296,6280,0.0,1.0
2014-05-20,17.07,17.16,16.99,17.16,338.3932,4561,0.0,1.0
2014-05-21,17.06,17.06,16.9601,16.984,334.9225,1352,0.0,1.0
2014-05-22,16.84,16.9,16.77,16.808,331.4518,2841,0.0,1.0
2014-05-23,16.879,16.94,16.55,16.62,327.7445,36693,0.0,1.0
2014-05-27,16.5,16.5,16.15,16.19,319.2649,8654,0.0,1.0
2014-05-28,16.15,16.21,15.91,15.94,314.335,10072,0.0,1.0
2014-05-29,15.9,15.9,15.81,15.89,313.349,625,0.0,1.0
2014-05-30,15.89,15.89,15.89,15.89,313.349,92,0.0,1.0
2014-06-02,15.79,15.79,15.7,15.7,309.6022,856,0.0,1.0
2014-06-03,15.74,15.74,15.3,15.3,301.7142,3881,0.0,1.0
2014-06-04,15.2,15.229,15.17,15.18,299.3478,13800,0.0,1.0
2014-06-05,15.24,15.24,15.01,15.0581,296.944,6190,0.0,1.0
2014-06-06,14.761,14.8288,14.75,14.82,292.2487,824,0.0,1.0
2014-06-09,14.559,14.719,14.52,14.719,290.257,3669,0.0,1.0
2014-06-10,14.61,14.63,14.51,14.56,287.1215,4837,0.0,1.0
2014-06-11,14.59,14.59,14.36,14.43,284.5579,6776,0.0,1.0
2014-06-12,14.52,14.52,14.307,14.5,285.9383,6950,0.0,1.0
2014-06-13,13.99,13.99,13.7,13.71,270.3596,17622,0.0,1.0
2014-06-16,13.63,13.7799,13.5801,13.65,269.1764,4720,0.0,1.0
2014-06-17,13.533,13.6,13.41,13.5,266.2184,23339,0.0,1.0
2014-06-18,13.59,13.73,13.53,13.73,270.754,4275,0.0,1.0
2014-06-19,13.64,13.78,13.63,13.74,270.9512,9183,0.0,1.0
2014-06-20,13.6586,13.6586,13.53,13.57,267.5988,1020,0.0,1.0
2014-06-23,13.73,13.73,13.5006,13.58,267.796,3130,0.0,1.0
2014-06-24,13.44,13.65,13.2557,13.65,269.1764,9093,0.0,1.0
2014-06-25,13.57,13.769,13.44,13.46,265.4296,5446,0.0,1.0
2014-06-26,13.6,13.76,13.51,13.5401,267.0092,5285,0.0,1.0
2014-06-27,13.53,13.679,13.5,13.59,267.9932,1705,0.0,1.0
2014-06-30,13.41,13.41,13.3,13.35,263.2605,2596,0.0,1.0
2014-07-01,12.77,13.14,12.76,13.0846,258.0268,10980,0.0,1.0
2014-07-02,13.0699,13.08,13.0101,13.074,257.8178,3205,0.0,1.0
2014-07-03,12.97,12.97,12.88,12.9199,254.7789,3651,0.0,1.0
2014-07-07,12.948,13.04,12.948,13.04,257.1473,4400,0.0,1.0
2014-07-08,13.15,13.37,13.15,13.2,260.3025,4747,0.0,1.0
2014-07-09,13.23,13.23,12.98,13.04,257.1473,7262,0.0,1.0
2014-07-10,13.36,13.42,12.9,12.9,254.3865,5328,0.0,1.0
2014-07-11,12.979,13.15,12.97,12.98,255.9641,6121,0.0,1.0
2014-07-14,12.95,12.95,12.85,12.88,253.9921,3276,0.0,1.0
2014-07-15,12.76,13.14,12.76,12.94,255.1753,6400,0.0,1.0
2014-07-16,12.53,12.53,12.01,12.01,236.8358,16670,0.0,1.0
2014-07-17,12.2,12.58,12.2,12.52,246.893,13487,0.0,1.0
2014-07-18,12.24,12.389,12.2,12.2332,241.2373,8569,0.0,1.0
2014-07-21,12.2,12.25,12.06,12.14,239.3994,2292,0.0,1.0
2014-07-22,12.05,12.05,11.91,11.91,234.8638,8472,0.0,1.0
2014-07-23,12.0,12.41,12.0,12.39,244.3294,5730,0.0,1.0
2014-07-24,12.3885,12.6092,12.33,12.59,248.2733,12230,0.0,1.0
2014-07-25,12.8943,13.07,12.8,13.01,256.5557,18740,0.0,1.0
2014-07-28,13.16,13.3047,12.87,12.92,254.7809,23035,0.0,1.0
2014-07-29,12.95,12.95,12.73,12.86,253.5977,3123,0.0,1.0
2014-07-30,12.77,12.9914,12.73,12.74,251.2313,9610,0.0,1.0
2014-07-31,13.05,13.34,12.99,13.3,262.2745,13145,0.0,1.0
2014-08-01,13.39,13.4599,13.06,13.17,259.7109,20804,0.0,1.0
2014-08-04,13.05,13.25,13.0,13.0899,258.1313,6489,0.0,1.0
2014-08-05,13.15,13.5299,13.15,13.46,265.4296,8931,0.0,1.0
2014-08-06,13.4846,13.4846,13.22,13.3899,264.0473,10252,0.0,1.0
2014-08-07,13.33,13.77,13.26,13.66,269.3736,5318,0.0,1.0
2014-08-08,13.66,13.66,13.41,13.49,266.0212,8235,0.0,1.0
2014-08-11,13.32,13.32,13.0201,13.14,259.1193,9599,0.0,1.0
2014-08-12,13.4575,13.4575,13.21,13.306,262.3928,10413,0.0,1.0
2014-08-13,13.09,13.09,12.74,12.79,252.2173,13735,0.0,1.0
2014-08-14,12.779,12.84,12.71,12.73,251.0341,6659,0.0,1.0
2014-08-15,12.49,12.699,12.4501,12.53,247.0902,7550,0.0,1.0
2014-08-18,12.546,12.546,12.34,12.34,243.3434,9447,0.0,1.0
2014-08-19,12.179,12.272,12.171,12.272,242.0024,5508,0.0,1.0
2014-08-20,12.17,12.17,12.06,12.06,237.8218,10221,0.0,1.0
2014-08-21,11.971,11.99,11.815,11.86,233.8778,10675,0.0,1.0
2014-08-22,11.75,11.9,11.75,11.85,233.6806,1270,0.0,1.0
2014-08-25,11.751,11.9899,11.751,11.9899,236.4394,4515,0.0,1.0
2014-08-26,11.9207,12.02,11.92,12.013,236.895,6100,0.0,1.0
2014-08-27,12.0874,12.09,12.03,12.03,237.2302,2213,0.0,1.0
2014-08-28,12.095,12.095,11.87,11.9,234.6666,2121,0.0,1.0
2014-08-29,11.71,11.86,11.71,11.75,231.7086,5606,0.0,1.0
2014-09-02,11.84,11.9588,11.78,11.87,234.075,2312,0.0,1.0
2014-09-03,11.74,11.74,11.71,11.71,230.9198,1630,0.0,1.0
2014-09-04,11.775,11.775,11.62,11.74,231.5114,2615,0.0,1.0
2014-09-05,11.68,11.68,11.544,11.544,227.6463,3795,0.0,1.0
2014-09-08,11.35,11.54,11.3,11.42,225.2011,3132,0.0,1.0
2014-09-09,11.55,11.6,11.55,11.59,228.5535,2671,0.0,1.0
2014-09-10,11.75,11.83,11.6701,11.7,230.7226,5970,0.0,1.0
2014-09-11,11.85,11.8899,11.63,11.63,229.3423,6848,0.0,1.0
2014-09-12,11.8,11.92,11.8,11.8801,234.2742,3029,0.0,1.0
2014-09-15,12.05,12.229,12.0401,12.16,239.7938,13660,0.0,1.0
2014-09-16,12.25,12.25,11.74,11.74,231.5114,16608,0.0,1.0
2014-09-17,11.656,11.76,11.501,11.69,230.5255,1987,0.0,1.0
2014-09-18,11.6589,11.6589,11.36,11.384,224.4912,8145,0.0,1.0
2014-09-19,11.26,11.61,11.26,11.51,226.9759,4495,0.0,1.0
2014-09-22,11.77,11.94,11.7,11.89,234.4694,3409,0.0,1.0
2014-09-23,11.9425,11.98,11.8231,11.92,235.061,675,0.0,1.0
2014-09-24,11.85,11.8799,11.74,11.74,231.5114,4230,0.0,1.0
2014-09-25,11.91,12.18,11.9,11.96,235.8498,8302,0.0,1.0
2014-09-26,11.96,12.04,11.83,11.89,234.4694,3152,0.0,1.0
2014-09-29,11.99,12.04,11.63,11.69,230.5255,8545,0.0,1.0
2014-09-30,11.8,11.81,11.75,11.78,232.3002,4611,0.0,1.0
2014-10-01,12.03,12.35,12.03,12.27,241.963,3337,0.0,1.0
2014-10-02,12.35,13.0,12.35,12.61,248.6677,42338,0.0,1.0
2014-10-03,12.52,12.54,12.34,12.44,245.3154,9586,0.0,1.0
2014-10-06,12.47,12.77,12.3201,12.58,248.0761,23405,0.0,1.0
2014-10-07,12.86,13.0704,12.66,13.07,257.7389,39402,0.0,1.0
2014-10-08,13.15,13.31,12.4,12.4,244.5266,47940,0.0,1.0
2014-10-09,12.53,13.159,12.51,13.1,258.3305,14706,0.0,1.0
2014-10-10,13.77,15.19,13.77,14.846,292.7614,239942,0.0,1.0
2014-10-13,14.9,15.53,14.53,15.53,306.2498,127428,0.0,1.0
2014-10-14,15.03,15.23,14.3801,14.93,294.4179,99382,0.0,1.0
2014-10-15,15.75,17.9533,14.88,15.04,296.5871,138843,0.0,1.0
2014-10-16,15.64,15.68,14.46,14.75,290.8683,40969,0.0,1.0
2014-10-17,14.18,14.54,14.0,14.53,286.5299,52494,0.0,1.0
2014-10-20,14.61,14.67,14.03,14.1,278.0504,22269,0.0,1.0
2014-10-21,13.95,13.95,13.02,13.34,263.0633,43180,0.0,1.0
2014-10-22,12.95,13.38,12.77,13.38,263.8521,38971,0.0,1.0
2014-10-23,13.09,13.09,12.735,12.88,253.9921,26014,0.0,1.0
2014-10-24,12.9,12.9,12.61,12.662,249.6932,9219,0.0,1.0
2014-10-27,12.72,12.91,12.57,12.68,250.0481,18810,0.0,1.0
2014-10-28,12.5,12.51,12.2,12.2,240.5826,25395,0.0,1.0
2014-10-29,12.08,12.3,12.04,12.041,237.4471,15235,0.0,1.0
2014-10-30,12.24,12.79,12.24,12.56,247.6818,9117,0.0,1.0
2014-10-31,11.79,11.8,11.5,11.51,226.9759,86576,0.0,1.0
2014-11-03,11.5,11.578,11.26,11.31,223.0319,14463,0.0,1.0
2014-11-04,11.43,11.47,11.206,11.29,222.6375,3108,0.0,1.0
2014-11-05,11.25,11.39,11.19,11.244,221.7304,19665,0.0,1.0
2014-11-06,55.77,57.2799,55.37,56.28,221.967,16341,0.0,0.2
2014-11-07,56.216,58.02,56.21,57.39,226.3448,3077,0.0,1.0
2014-11-10,57.06,57.87,56.76,56.99,224.7672,1805,0.0,1.0
2014-11-11,56.99,56.99,56.99,56.99,224.7672,287,0.0,1.0
2014-11-12,57.1,57.1,57.1,57.1,225.2011,506,0.0,1.0
2014-11-13,57.1,57.1,56.05,56.86,224.2545,3659,0.0,1.0
2014-11-14,56.25,56.4,56.21,56.21,221.6909,10493,0.0,1.0
2014-11-17,56.4,57.48,55.93,56.3995,222.4383,31181,0.0,1.0
2014-11-18,56.29,56.29,54.0,54.0,212.9748,22077,0.0,1.0
2014-11-19,54.9,55.16,54.9,55.16,217.5498,4098,0.0,1.0
2014-11-20,53.03,53.03,52.7037,52.7037,207.8622,433,0.0,1.0
2014-11-21,51.83,53.042,51.83,52.32,206.3489,2837,0.0,1.0
2014-11-24,51.54,51.54,50.84,51.26,202.1683,36879,0.0,1.0
2014-11-25,51.0,51.1,50.9,51.08,201.4583,4413,0.0,1.0
2014-11-26,50.0,50.0,49.0,49.0,193.2549,3909,0.0,1.0
2014-11-28,49.2,49.2,48.09,48.1,189.7053,925,0.0,1.0
2014-12-01,48.5,49.59,48.5,49.42,194.9113,21458,0.0,1.0
2014-12-02,50.02,50.02,50.02,50.02,197.2777,263,0.0,1.0
2014-12-03,47.42,47.435,46.9799,46.9799,185.2876,20353,0.0,1.0
2014-12-04,46.545,46.545,46.49,46.49,183.3555,235,0.0,1.0
2014-12-05,46.34,46.34,46.07,46.2,182.2117,16691,0.0,1.0
2014-12-08,45.92,47.712,45.891,47.29,186.5107,2448,0.0,1.0
2014-12-09,48.34,48.34,47.3,47.3,186.5501,1061,0.0,1.0
2014-12-10,47.81,49.26,47.81,49.26,194.2803,4220,0.0,1.0
2014-12-11,49.61,49.61,47.17,48.32,190.573,3178,0.0,1.0
2014-12-12,48.87,49.36,48.76,49.36,194.6747,1865,0.0,1.0
2014-12-15,49.6,50.889,49.59,50.44,198.9342,6020,0.0,1.0
2014-12-16,50.7599,51.35,49.91,51.35,202.5232,3989,0.0,1.0
2014-12-17,52.0,52.085,50.92,50.92,200.8273,1705,0.0,1.0
2014-12-18,49.4,49.4,47.47,47.58,187.6544,4454,0.0,1.0
2014-12-19,48.0,48.47,47.64,47.97,189.1926,4022,0.0,1.0
2014-12-22,47.71,47.71,46.35,46.35,182.8033,11461,0.0,1.0
2014-12-23,45.799,46.0654,45.49,46.0654,181.6809,2392,0.0,1.0
2014-12-24,46.05,46.51,45.8,46.01,181.4624,1416,0.0,1.0
2014-12-26,45.88,46.07,45.88,46.07,181.699,567,0.0,1.0
2014-12-29,46.41,46.85,46.25,46.66,184.026,1127,0.0,1.0
2014-12-30,47.15,47.24,46.8501,47.09,185.7219,1227,0.0,1.0
2014-12-31,46.754,47.98,46.66,47.82,188.601,2018,0.0,1.0
2015-01-02,48.2101,48.78,48.2101,48.78,192.3872,694,0.0,1.0
2015-01-05,48.8,49.7,48.8,49.7,196.0157,2683,0.0,1.0
2015-01-06,51.311,52.16,51.311,52.16,205.7178,1470,0.0,1.0
2015-01-07,51.84,51.84,50.55,50.55,199.368,788,0.0,1.0
2015-01-08,49.2,49.2,47.6,47.665,187.9897,3044,0.0,1.0
2015-01-09,47.39,47.9269,47.29,47.9269,189.0226,1178,0.0,1.0
2015-01-12,47.9269,47.9269,47.9269,47.9269,189.0226,11,0.0,1.0
2015-01-13,47.4,50.2,47.4,50.2,197.9876,862,0.0,1.0
2015-01-14,50.2,51.03,49.97,50.2,197.9876,1632,0.0,1.0
2015-01-15,49.34,51.23,49.34,51.23,202.0499,1192,0.0,1.0
2015-01-16,51.85,52.0,50.018,50.018,197.2698,2590,0.0,1.0
2015-01-20,49.99,50.675,49.158,49.4,194.8325,11359,0.0,1.0
2015-01-21,47.81,48.71,47.81,48.12,189.7842,1620,0.0,1.0
2015-01-22,49.32,49.8299,47.35,47.35,186.7473,1563,0.0,1.0
2015-01-23,47.4858,47.4858,47.402,47.4801,187.2604,1362,0.0,1.0
2015-01-26,48.728,48.728,48.14,48.43,191.0068,1775,0.0,1.0
2015-01-27,49.64,50.96,49.64,49.97,197.0805,1492,0.0,1.0
2015-01-28,50.05,51.4201,50.05,51.4201,202.7997,867,0.0,1.0
2015-01-29,52.3,52.4532,50.363,50.363,198.6305,1674,0.0,1.0
2015-01-30,52.0401,52.0401,51.83,51.83,204.4163,538,0.0,1.0
2015-02-02,53.46,54.74,53.02,53.5,211.0028,7962,0.0,1.0
2015-02-03,51.1,52.45,51.1,51.12,201.6161,4985,0.0,1.0
2015-02-04,51.01,51.01,49.92,50.778,200.2673,1138,0.0,1.0
2015-02-05,49.98,49.98,49.62,49.68,195.9368,764,0.0,1.0
2015-02-06,49.24,50.4599,48.9401,50.3001,198.3824,2255,0.0,1.0
2015-02-09,51.635,51.87,51.608,51.69,203.8642,1072,0.0,1.0
2015-02-10,50.62,50.77,48.532,48.532,191.4091,598,0.0,1.0
2015-02-11,48.56,49.107,48.28,48.47,191.1646,750,0.0,1.0
2015-02-12,47.98,47.98,47.06,47.06,185.6036,1245,0.0,1.0
2015-02-13,46.156,46.7999,46.156,46.4,183.0005,4890,0.0,1.0
2015-02-17,46.06,46.2299,45.5172,45.5172,179.5188,1695,0.0,1.0
2015-02-18,45.9001,46.43,45.9001,46.09,181.7779,3801,0.0,1.0
2015-02-19,45.6,46.0588,45.59,46.0588,181.6548,11346,0.0,1.0
2015-02-20,45.46,45.46,45.46,45.46,179.2932,151,0.0,1.0
2015-02-23,45.73,46.739,45.73,46.342,182.7718,2132,0.0,1.0
2015-02-24,46.6,46.6,45.0,45.0,177.479,2034,0.0,1.0
2015-02-25,45.31,45.38,45.31,45.38,178.9777,519,0.0,1.0
2015-02-26,45.1,45.32,44.86,44.86,176.9268,1200,0.0,1.0
2015-02-27,44.98,45.39,44.98,45.39,179.0171,400,0.0,1.0
2015-03-02,44.48,44.48,43.75,43.75,172.549,5135,0.0,1.0
2015-03-03,44.176,44.176,44.0,44.0,173.535,328,0.0,1.0
2015-03-04,45.31,45.8,44.99,44.99,177.4395,1620,0.0,1.0
2015-03-05,44.948,45.28,44.77,45.28,178.5833,511,0.0,1.0
2015-03-06,45.4,46.37,45.4,46.26,182.4484,3184,0.0,1.0
2015-03-09,46.43,46.7,46.38,46.38,182.9216,1645,0.0,1.0
2015-03-10,47.55,48.58,47.5197,48.58,191.5984,4199,0.0,1.0
2015-03-11,47.5999,47.5999,47.5999,47.5999,187.7329,1711,0.0,1.0
2015-03-12,48.866,48.911,48.56,48.79,192.4266,1776,0.0,1.0
2015-03-13,48.79,48.79,48.79,48.79,192.4266,101,0.0,1.0
2015-03-16,47.35,47.86,47.35,47.86,188.7587,300,0.0,1.0
2015-03-17,48.38,48.55,48.38,48.55,191.4801,6300,0.0,1.0
2015-03-18,48.449,48.65,47.341,47.47,187.2206,2652,0.0,1.0
2015-03-19,47.47,47.47,47.47,47.47,187.2206,0,0.0,1.0
2015-03-20,45.3251,46.5,45.28,45.32,178.741,3126,0.0,1.0
2015-03-23,45.32,45.32,45.32,45.32,178.741,0,0.0,1.0
2015-03-24,46.5048,46.99,46.5048,46.99,185.3275,1718,0.0,1.0
2015-03-25,47.93,51.4,47.92,51.39,202.681,7917,0.0,1.0
2015-03-26,53.184,53.2,50.6828,51.3699,202.6017,2278,0.0,1.0
2015-03-27,51.64,51.64,46.42,46.89,184.9331,3573,0.0,1.0
2015-03-30,46.9183,47.21,46.7,46.718,184.2547,1087,0.0,1.0
2015-03-31,47.0373,47.97,46.9661,47.97,189.1926,2041,0.0,1.0
2015-04-01,47.98,49.0054,47.98,48.5552,191.5006,1650,0.0,1.0
2015-04-02,48.5,48.96,48.5,48.96,193.0971,501,0.0,1.0
2015-04-06,49.1304,49.1304,48.643,48.643,191.8469,1944,0.0,1.0
2015-04-07,48.643,48.643,48.643,48.643,191.8469,0,0.0,1.0
2015-04-08,48.1695,48.26,48.1695,48.26,190.3363,310,0.0,1.0
2015-04-09,48.26,48.26,48.26,48.26,190.3363,100,0.0,1.0
2015-04-10,46.8,46.8,46.8,46.8,184.5781,185,0.0,1.0
2015-04-13,46.5069,46.85,46.2,46.565,183.6513,1396,0.0,1.0
2015-04-14,47.2,48.12,47.2,47.87,188.7982,1465,0.0,1.0
2015-04-15,46.33,46.33,45.26,45.4699,179.3322,2731,0.0,1.0
2015-04-16,45.4699,45.4699,45.4699,45.4699,179.3322,50,0.0,1.0
2015-04-17,46.7,47.19,46.65,47.19,186.1163,1786,0.0,1.0
2015-04-20,46.2,46.33,45.8705,46.28,182.5273,807,0.0,1.0
2015-04-21,46.28,46.28,46.28,46.28,182.5273,0,0.0,1.0
2015-04-22,45.3,45.3,44.9,44.9,177.0846,2696,0.0,1.0
2015-04-23,45.79,46.814,45.79,46.4696,183.275,1721,0.0,1.0
2015-04-24,46.37,48.2672,46.37,48.082,189.6343,3520,0.0,1.0
2015-04-27,47.5401,47.805,47.11,47.64,187.8911,1436,0.0,1.0
2015-04-28,47.64,47.64,47.63,47.64,187.8911,433,0.0,1.0
2015-04-29,48.5619,48.5619,47.83,48.0,189.3109,415,0.0,1.0
2015-04-30,48.25,49.12,48.07,49.12,193.7281,2113,0.0,1.0
2015-05-01,46.0748,46.0748,46.0748,46.0748,181.7179,701,0.0,1.0
2015-05-04,46.0,46.0,46.0,46.0,181.4229,100,0.0,1.0
2015-05-05,48.24,48.24,48.24,48.24,190.2574,228,0.0,1.0
2015-05-06,48.51,49.0199,48.5,48.71,192.1111,1352,0.0,1.0
2015-05-07,48.71,48.71,48.71,48.71,192.1111,2,0.0,1.0
2015-05-08,46.5,46.73,46.5,46.73,184.302,218,0.0,1.0
2015-05-11,46.77,46.77,46.3,46.3,182.6061,770,0.0,1.0
2015-05-12,47.7699,47.7699,47.464,47.464,187.1969,304,0.0,1.0
2015-05-13,47.464,47.464,47.464,47.464,187.1969,23,0.0,1.0
2015-05-14,45.27,45.5299,45.27,45.5299,179.5689,684,0.0,1.0
2015-05-15,45.58,45.58,45.38,45.38,178.9777,593,0.0,1.0
2015-05-18,44.78,44.79,44.2,44.2,174.3238,1930,0.0,1.0
2015-05-19,44.3489,44.3489,44.3489,44.3489,174.911,323,0.0,1.0
2015-05-20,43.75,44.06,43.7,43.7,172.3518,1310,0.0,1.0
2015-05-21,44.1,44.206,43.86,43.86,172.9828,4221,0.0,1.0
2015-05-22,43.69,43.7,43.53,43.65,172.1546,846,0.0,1.0
2015-05-26,43.65,43.65,43.65,43.65,172.1546,53,0.0,1.0
2015-05-27,43.23,43.2699,40.98,41.08,162.0186,4513,0.0,1.0
2015-05-28,40.85,41.31,40.6401,40.96,161.5453,3437,0.0,1.0
2015-05-29,40.5,40.62,40.18,40.209,158.5834,1643,0.0,1.0
2015-06-01,40.13,40.7888,39.842,40.7,160.5199,2622,0.0,1.0
2015-06-02,40.7,40.7,40.7,40.7,160.5199,56,0.0,1.0
2015-06-03,41.602,42.24,41.602,42.24,166.5936,1167,0.0,1.0
2015-06-04,42.6879,43.322,42.65,43.0901,169.9464,2186,0.0,1.0
2015-06-05,43.3899,43.3899,43.0892,43.3336,170.9067,2524,0.0,1.0
2015-06-08,43.66,45.0,43.66,44.9868,177.4269,6807,0.0,1.0
2015-06-09,45.19,45.65,44.58,44.87,176.9662,4320,0.0,1.0
2015-06-10,43.49,43.7274,43.4899,43.7,172.3518,2460,0.0,1.0
2015-06-11,43.3601,43.69,43.3601,43.69,172.3124,1720,0.0,1.0
2015-06-12,44.42,44.58,44.42,44.58,175.8225,2800,0.0,1.0
2015-06-15,44.571,44.696,44.33,44.42,175.1915,1866,0.0,1.0
2015-06-16,44.76,44.79,43.92,43.92,173.2195,452,0.0,1.0
2015-06-17,43.92,43.92,43.92,43.92,173.2195,59,0.0,1.0
2015-06-18,43.92,43.92,43.92,43.92,173.2195,49,0.0,1.0
2015-06-19,43.92,43.92,43.92,43.92,173.2195,1,0.0,1.0
2015-06-22,42.2751,42.3454,42.2751,42.34,166.988,808,0.0,1.0
2015-06-23,42.37,42.55,42.37,42.55,167.8162,455,0.0,1.0
2015-06-24,43.1,43.52,42.81,43.45,171.3658,550,0.0,1.0
2015-06-25,43.45,43.45,43.45,43.45,171.3658,0,0.0,1.0
2015-06-26,45.0,46.86,45.0,46.301,182.6101,4569,0.0,1.0
2015-06-29,47.566,48.66,47.29,48.6,191.6773,6909,0.0,1.0
2015-06-30,48.2374,48.9,47.5601,48.0601,189.5479,1771,0.0,1.0
2015-07-01,47.5,47.5,47.22,47.485,187.2797,2201,0.0,1.0
2015-07-02,47.485,47.485,47.485,47.485,187.2797,0,0.0,1.0
2015-07-06,48.077,49.85,48.077,49.85,196.6072,501,0.0,1.0
2015-07-07,50.4,52.13,50.3,50.97,201.0245,4523,0.0,1.0
2015-07-08,51.87,52.22,51.501,51.72,203.9825,3468,0.0,1.0
2015-07-09,50.39,54.215,50.02,53.8,212.186,5612,0.0,1.0
2015-07-10,52.65,52.65,51.532,51.532,203.241,1856,0.0,1.0
2015-07-13,51.29,51.52,51.29,51.519,203.1897,1448,0.0,1.0
2015-07-14,50.25,50.32,49.508,50.32,198.4609,3285,0.0,1.0
2015-07-15,50.52,50.57,50.5,50.57,199.4469,427,0.0,1.0
2015-07-16,50.5,50.5,49.79,49.79,196.3706,1200,0.0,1.0
2015-07-17,51.25,51.46,51.25,51.3151,202.3856,551,0.0,1.0
2015-07-20,50.92,50.92,50.92,50.92,200.8273,997,0.0,1.0
2015-07-21,51.4,52.3497,50.844,52.1,205.4812,1610,0.0,1.0
2015-07-22,54.3,54.67,54.186,54.65,215.5383,952,0.0,1.0
2015-07-23,51.91,53.1,51.8401,53.0,209.0308,2170,0.0,1.0
2015-07-24,54.8599,54.8599,53.8001,53.8001,212.1864,1198,0.0,1.0
2015-07-27,56.63,57.19,54.94,55.12,217.392,5481,0.0,1.0
2015-07-28,54.24,54.55,52.35,52.38,206.5855,1425,0.0,1.0
2015-07-29,52.38,52.38,52.38,52.38,206.5855,87,0.0,1.0
2015-07-30,53.4,53.4,53.4,53.4,210.6084,759,0.0,1.0
2015-07-31,54.159,54.159,53.71,53.71,211.831,211,0.0,1.0
2015-08-03,54.5,54.5,54.4165,54.4165,214.6174,359,0.0,1.0
2015-08-04,54.6901,55.928,54.69,55.23,217.8258,7602,0.0,1.0
2015-08-05,54.85,54.85,52.75,52.83,208.3603,5786,0.0,1.0
2015-08-06,55.14,55.674,54.92,55.16,217.5498,2315,0.0,1.0
2015-08-07,55.81,55.899,55.36,55.37,218.378,2660,0.0,1.0
2015-08-10,54.9,54.9,51.701,52.3026,206.2802,2217,0.0,1.0
2015-08-11,53.417,53.7,53.417,53.7,211.7916,1281,0.0,1.0
2015-08-12,55.533,55.985,52.84,52.84,208.3997,1817,0.0,1.0
2015-08-13,54.23,55.21,53.38,54.89,216.4849,1593,0.0,1.0
2015-08-14,55.25,55.25,54.7,55.2199,217.786,766,0.0,1.0
2015-08-17,57.0,57.0,54.0,54.01,213.0142,1229,0.0,1.0
2015-08-18,55.251,55.9999,55.251,55.9999,220.8623,775,0.0,1.0
2015-08-19,57.0,57.4,56.05,56.61,223.2685,1729,0.0,1.0
2015-08-20,60.23,60.99,58.621,60.99,240.5432,5861,0.0,1.0
2015-08-21,62.5,64.2,61.36,63.9262,252.1235,12545,0.0,1.0
2015-08-24,65.0,73.35,61.91,66.01,260.3419,17163,0.0,1.0
2015-08-25,62.22,67.15,62.22,67.15,264.8381,5264,0.0,1.0
2015-08-26,64.882,68.01,62.0301,62.15,245.1182,7989,0.0,1.0
2015-08-27,59.0911,60.3,57.0,60.3,237.8218,11675,0.0,1.0
2015-08-28,56.47,56.9,56.0,56.3075,222.0755,1742,0.0,1.0
2015-08-31,56.17,56.53,54.888,55.81,220.1134,2990,0.0,1.0
2015-09-01,59.155,60.13,57.99,59.82,235.9287,7231,0.0,1.0
2015-09-02,59.82,59.82,57.48,57.5385,226.9305,6268,0.0,1.0
2015-09-03,55.53,56.59,54.55,55.2501,217.9051,1419,0.0,1.0
2015-09-04,56.818,58.2199,56.32,57.99,228.7112,3106,0.0,1.0
2015-09-08,57.74,57.74,51.43,53.16,209.6618,3250,0.0,1.0
2015-09-09,53.17,54.65,50.95,54.65,215.5383,3224,0.0,1.0
2015-09-10,55.2649,55.2649,54.06,54.2,213.7635,800,0.0,1.0
2015-09-11,54.97,54.97,53.481,53.5001,211.0032,3222,0.0,1.0
2015-09-14,53.57,53.69,53.57,53.69,211.7521,478,0.0,1.0
2015-09-15,52.1801,52.4,51.84,52.1,205.4812,1210,0.0,1.0
2015-09-16,52.75,52.7501,51.87,52.24,206.0334,1581,0.0,1.0
2015-09-17,52.35,53.16,51.62,53.16,209.6618,1369,0.0,1.0
2015-09-18,54.499,55.32,53.58,55.21,217.747,15694,0.0,1.0
2015-09-21,54.97,55.7,53.98,54.9,216.5243,7977,0.0,1.0
2015-09-22,59.17,59.17,56.2508,56.966,224.6726,5948,0.0,1.0
2015-09-23,57.18,57.9,56.29,57.9,228.3563,5747,0.0,1.0
2015-09-24,59.25,60.6567,58.2801,58.2801,229.8554,17936,0.0,1.0
2015-09-25,57.51,57.7,56.25,57.5,226.7787,3493,0.0,1.0
2015-09-28,57.31,59.5,57.1,59.5,234.6666,2057,0.0,1.0
2015-09-29,58.59,59.5,58.1212,59.0,232.6946,1401,0.0,1.0
2015-09-30,57.745,57.745,54.6581,54.7899,216.0901,7444,0.0,1.0
2015-10-01,54.97,57.1601,54.97,55.64,219.4429,4313,0.0,1.0
2015-10-02,56.82,56.82,55.15,55.15,217.5103,5988,0.0,1.0
2015-10-05,52.3501,52.5,51.12,51.705,203.9233,4985,0.0,1.0
2015-10-06,51.55,51.55,51.2372,51.2372,202.0783,677,0.0,1.0
2015-10-07,49.944,51.261,49.944,51.0176,201.2122,1755,0.0,1.0
2015-10-08,49.92,50.23,49.1,49.1,193.6493,2098,0.0,1.0
2015-10-09,49.08,50.24,49.08,49.96,197.0411,1156,0.0,1.0
2015-10-12,49.96,49.96,49.96,49.96,197.0411,56,0.0,1.0
2015-10-13,51.04,51.11,50.7689,51.11,201.5767,734,0.0,1.0
2015-10-14,51.124,51.13,48.1058,48.1058,189.7282,3541,0.0,1.0
2015-10-15,47.25,47.6449,46.78,47.6449,187.9104,3575,0.0,1.0
2015-10-16,47.7,47.7,47.37,47.37,186.8262,2229,0.0,1.0
2015-10-19,47.16,47.16,46.6999,46.6999,184.1833,200,0.0,1.0
2015-10-20,46.8544,46.8544,46.8544,46.8544,184.7927,101,0.0,1.0
2015-10-21,46.0,46.3942,45.09,46.3942,182.9777,3150,0.0,1.0
2015-10-22,45.2,45.2,44.295,44.45,175.3098,2654,0.0,1.0
2015-10-23,42.96,43.78,42.3,42.3,166.8302,3841,0.0,1.0
2015-10-26,42.77,43.78,42.76,43.41,171.208,4040,0.0,1.0
2015-10-27,43.5,44.1701,43.5,44.1701,174.2059,1002,0.0,1.0
2015-10-28,43.25,43.25,43.25,43.25,170.577,142,0.0,1.0
2015-10-29,45.005,45.005,44.8,44.8,176.6902,200,0.0,1.0
2015-10-30,44.54,44.54,44.54,44.54,175.6647,202,0.0,1.0
2015-11-02,43.9599,43.98,43.9599,43.98,173.4561,254,0.0,1.0
2015-11-03,43.71,43.71,43.003,43.36,171.0108,1249,0.0,1.0
2015-11-04,43.36,43.36,43.36,43.36,171.0108,55,0.0,1.0
2015-11-05,43.29,44.14,43.15,44.14,174.0871,3186,0.0,1.0
2015-11-06,42.66,42.66,42.5,42.5,167.619,466,0.0,1.0
2015-11-09,43.6999,43.6999,43.41,43.41,171.208,202,0.0,1.0
2015-11-10,44.7699,44.7699,44.7699,44.7699,176.5715,100,0.0,1.0
2015-11-11,44.6065,44.6065,44.6065,44.6065,175.927,200,0.0,1.0
2015-11-12,44.75,45.45,44.75,45.45,179.2538,1453,0.0,1.0
2015-11-13,46.701,46.701,46.47,46.47,183.2766,1582,0.0,1.0
2015-11-16,47.09,47.09,45.5501,45.5501,179.6485,570,0.0,1.0
2015-11-17,45.5086,45.5086,44.18,44.305,174.7379,3602,0.0,1.0
2015-11-18,44.311,44.311,43.234,43.234,170.5139,401,0.0,1.0
2015-11-19,43.15,43.4965,41.9,41.9,165.2526,2404,0.0,1.0
2015-11-20,41.5,41.5,41.5,41.5,163.675,229,0.0,1.0
2015-11-23,41.5,41.5,41.5,41.5,163.675,154,0.0,1.0
2015-11-24,43.03,43.03,41.72,41.735,164.6019,756,0.0,1.0
2015-11-25,41.7961,41.7961,41.649,41.7,164.4638,500,0.0,1.0
2015-11-27,41.41,41.41,41.41,41.41,163.3201,100,0.0,1.0
2015-11-30,41.05,41.1954,40.88,40.88,161.2298,713,0.0,1.0
2015-12-01,40.1,40.23,40.0,40.23,158.6662,700,0.0,1.0
2015-12-02,39.47,39.77,39.47,39.77,156.852,827,0.0,1.0
2015-12-03,39.5048,41.2,39.5048,41.2,162.4918,3802,0.0,1.0
2015-12-04,40.75,40.75,40.0,40.0,157.7591,906,0.0,1.0
2015-12-07,40.0,40.0,40.0,40.0,157.7591,80,0.0,1.0
2015-12-08,40.77,40.77,40.242,40.242,158.7135,362,0.0,1.0
2015-12-09,40.6,41.429,40.6,41.2,162.4918,1794,0.0,1.0
2015-12-10,40.2,40.2,40.2,40.2,158.5479,203,0.0,1.0
2015-12-11,41.99,41.99,41.25,41.73,164.5822,1992,0.0,1.0
2015-12-14,42.0,43.0,41.9,42.47,167.5007,2975,0.0,1.0
2015-12-15,41.88,41.88,41.2,41.2,162.4918,694,0.0,1.0
2015-12-16,41.0899,41.0899,40.25,40.25,158.7451,557,0.0,1.0
2015-12-17,41.25,41.25,41.25,41.25,162.689,530,0.0,1.0
2015-12-18,42.5,42.5,42.5,42.5,167.619,878,0.0,1.0
2015-12-21,42.03,42.03,42.03,42.03,165.7654,170,0.0,1.0
2015-12-22,41.4601,41.4601,41.4601,41.4601,163.5177,100,0.0,1.0
2015-12-23,41.4601,41.4601,41.4601,41.4601,163.5177,0,0.0,1.0
2015-12-24,40.3,40.3,40.3,40.3,158.9423,101,0.0,1.0
2015-12-28,40.365,41.15,40.3642,40.9,161.3087,1737,0.0,1.0
2015-12-29,39.9,39.9,39.495,39.495,155.7674,1452,0.0,1.0
2015-12-30,39.495,39.495,39.495,39.495,155.7674,10,0.0,1.0
2015-12-31,39.495,39.495,39.495,39.495,155.7674,6,0.0,1.0
2016-01-04,43.27,43.45,43.27,43.45,171.3658,557,0.0,1.0
2016-01-05,43.31,43.31,43.12,43.12,170.0643,852,0.0,1.0
2016-01-06,44.57,45.19,44.53,45.19,178.2283,1720,0.0,1.0
2016-01-07,46.27,48.55,46.27,48.3424,190.6613,13086,0.0,1.0
2016-01-08,48.24,50.5854,48.0,50.5854,199.5077,5483,0.0,1.0
2016-01-11,50.96,50.96,48.9325,49.4,194.8325,4014,0.0,1.0
2016-01-12,47.39,49.5952,47.39,48.574,191.5747,1636,0.0,1.0
2016-01-13,47.53,51.0,47.53,51.0,201.1428,1735,0.0,1.0
2016-01-14,51.5499,52.0,49.2901,49.2901,194.399,4269,0.0,1.0
2016-01-15,55.11,55.34,53.85,55.338,218.2518,5839,0.0,1.0
2016-01-19,55.59,55.68,53.68,54.86,216.3666,2729,0.0,1.0
2016-01-20,57.25,57.8935,53.44,53.44,210.7661,5112,0.0,1.0
2016-01-21,55.54,55.54,51.28,52.405,206.6841,7901,0.0,1.0
2016-01-22,50.25,52.3479,50.07,52.3479,206.4589,1587,0.0,1.0
2016-01-25,51.22,51.73,51.13,51.58,203.4303,1493,0.0,1.0
2016-01-26,51.85,52.357,51.22,51.22,202.0105,920,0.0,1.0
2016-01-27,52.005,52.9699,52.005,52.9699,208.9121,828,0.0,1.0
2016-01-28,51.2889,51.8,51.2889,51.49,203.0754,716,0.0,1.0
2016-01-29,50.32,50.73,47.7,47.7798,188.4424,2170,0.0,1.0
2016-02-01,47.2748,47.4,47.18,47.18,186.0768,498,0.0,1.0
2016-02-02,48.55,50.61,48.55,50.61,199.6047,696,0.0,1.0
2016-02-03,53.2047,53.34,52.64,52.64,207.6109,515,0.0,1.0
2016-02-04,49.9466,50.04,49.9466,50.0,197.1988,451,0.0,1.0
2016-02-05,53.15,53.16,53.15,53.16,209.6618,1096,0.0,1.0
2016-02-08,54.86,56.0804,54.76,55.18,217.6286,3386,0.0,1.0
2016-02-09,56.0772,56.0772,53.3,54.982,216.8477,3753,0.0,1.0
2016-02-10,54.9698,55.39,54.75,55.39,218.4569,370,0.0,1.0
2016-02-11,57.9989,58.3,57.0,57.0,224.8067,1400,0.0,1.0
2016-02-12,56.62,57.24,54.49,55.2299,217.8255,2985,0.0,1.0
2016-02-16,53.4922,53.7167,51.35,51.35,202.5232,2386,0.0,1.0
2016-02-17,49.26,51.215,49.26,49.78,196.3312,1707,0.0,1.0
2016-02-18,48.8194,49.36,48.8194,49.36,194.6747,211,0.0,1.0
2016-02-19,49.92,49.92,49.66,49.66,195.8579,400,0.0,1.0
2016-02-22,48.6,48.6,48.6,48.6,191.6773,320,0.0,1.0
2016-02-23,48.71,49.5,48.71,49.5,195.2269,506,0.0,1.0
2016-02-24,51.1237,51.1237,50.4,50.4,198.7764,953,0.0,1.0
2016-02-25,48.615,48.615,48.5,48.5,191.2829,247,0.0,1.0
2016-02-26,47.53,47.53,45.79,47.2,186.1557,891,0.0,1.0
2016-02-29,46.944,46.944,45.94,45.94,181.1863,305,0.0,1.0
2016-03-01,45.75,45.75,45.263,45.263,178.5162,450,0.0,1.0
2016-03-02,44.1156,44.1156,44.1156,44.1156,173.9909,200,0.0,1.0
2016-03-03,44.32,44.33,44.3027,44.3027,174.7288,453,0.0,1.0
2016-03-04,43.52,43.5266,42.8401,43.49,171.5236,1202,0.0,1.0
2016-03-07,43.603,43.603,42.98,42.98,169.5121,520,0.0,1.0
2016-03-08,44.57,44.588,44.052,44.15,174.1266,692,0.0,1.0
2016-03-09,44.49,45.13,44.479,45.13,177.9917,11951,0.0,1.0
2016-03-10,44.2899,44.7,44.01,44.01,173.5744,867,0.0,1.0
2016-03-11,42.4156,42.6599,42.4156,42.42,167.3035,1190,0.0,1.0
2016-03-14,42.5376,42.5376,42.5376,42.5376,167.7673,180,0.0,1.0
2016-03-15,43.35,43.35,42.45,42.75,168.605,3480,0.0,1.0
2016-03-16,42.53,42.53,42.19,42.19,166.3964,4219,0.0,1.0
2016-03-17,42.3,42.3,41.1,41.1,162.0975,1313,0.0,1.0
2016-03-18,40.43,40.44,40.2,40.2,158.5479,1120,0.0,1.0
2016-03-21,40.8819,40.95,39.76,40.445,159.5141,5807,0.0,1.0
2016-03-22,40.5,40.5,40.5,40.5,159.7311,1010,0.0,1.0
2016-03-23,40.8899,41.06,40.8899,41.06,161.9397,602,0.0,1.0
2016-03-24,41.825,41.855,41.825,41.855,165.0752,250,0.0,1.0
2016-03-28,41.5001,41.74,41.4235,41.4235,163.3733,1350,0.0,1.0
2016-03-29,41.4,41.9,40.5,40.5,159.7311,2383,0.0,1.0
2016-03-30,40.5,40.5,39.5727,39.83,157.0886,1060,0.0,1.0
2016-03-31,39.83,39.83,39.83,39.83,157.0886,0,0.0,1.0
2016-04-01,40.15,40.25,40.0,40.0,157.7591,801,0.0,1.0
2016-04-04,39.9339,39.9339,39.9339,39.9339,157.4984,200,0.0,1.0
2016-04-05,40.82,40.82,40.48,40.48,159.6522,877,0.0,1.0
2016-04-06,42.07,42.07,40.78,40.9,161.3087,400,0.0,1.0
2016-04-07,40.4,41.7,40.4,41.5601,163.9121,5660,0.0,1.0
2016-04-08,41.047,41.047,41.047,41.047,161.8884,138,0.0,1.0
2016-04-11,39.95,40.7,39.5,40.7,160.5199,6991,0.0,1.0
2016-04-12,40.79,40.88,40.79,40.88,161.2298,490,0.0,1.0
2016-04-13,39.6276,39.66,39.5014,39.5014,155.7926,552,0.0,1.0
2016-04-14,39.7365,39.7365,39.7365,39.7365,156.7198,550,0.0,1.0
2016-04-15,39.94,40.07,39.65,40.07,158.0352,1541,0.0,1.0
2016-04-18,40.07,40.07,40.07,40.07,158.0352,27,0.0,1.0
2016-04-19,40.8299,41.08,40.3699,41.08,162.0186,2733,0.0,1.0
2016-04-20,41.3,41.3,39.49,39.49,155.7476,3191,0.0,1.0
2016-04-21,39.49,39.49,39.49,39.49,155.7476,144,0.0,1.0
2016-04-22,40.92,40.92,40.49,40.49,159.6916,1010,0.0,1.0
2016-04-25,40.49,40.49,40.49,40.49,159.6916,54,0.0,1.0
2016-04-26,39.25,39.25,39.25,39.25,154.8011,321,0.0,1.0
2016-04-27,40.3499,40.3499,39.49,39.49,155.7476,420,0.0,1.0
2016-04-28,41.3968,41.3968,41.3968,41.3968,163.268,121,0.0,1.0
2016-04-29,42.88,44.27,42.33,43.84,172.9039,6785,0.0,1.0
2016-05-02,43.42,43.42,42.62,42.6917,168.3751,1822,0.0,1.0
2016-05-03,43.7899,43.7899,43.56,43.56,171.7996,449,0.0,1.0
2016-05-04,44.1633,44.6,44.1101,44.6,175.9014,858,0.0,1.0
2016-05-05,44.2064,44.2064,43.57,44.1,173.9294,475,0.0,1.0
2016-05-06,44.7,44.8,44.7,44.8,176.6902,344,0.0,1.0
2016-05-09,45.37,45.37,43.5,44.4,175.1126,1556,0.0,1.0
2016-05-10,43.5,43.765,43.48,43.4906,171.5259,2278,0.0,1.0
2016-05-11,43.27,43.27,42.8,42.85,168.9994,1395,0.0,1.0
2016-05-12,43.22,44.568,43.22,44.32,174.7971,1501,0.0,1.0
2016-05-13,43.5905,43.69,43.28,43.65,172.1546,2184,0.0,1.0
2016-05-16,42.45,42.45,42.45,42.45,167.4218,108,0.0,1.0
2016-05-17,42.89,43.0295,42.83,43.02,169.6699,1117,0.0,1.0
2016-05-18,43.0,43.0,41.81,42.0,165.647,1736,0.0,1.0
2016-05-19,42.0,42.0,42.0,42.0,165.647,50,0.0,1.0
2016-05-20,40.9,40.9,40.3501,40.7442,160.6942,1236,0.0,1.0
2016-05-23,39.8,40.31,39.21,40.0,157.7591,4805,0.0,1.0
2016-05-24,39.2,39.2,38.26,38.26,150.8966,1841,0.0,1.0
2016-05-25,37.89,37.89,37.6,37.81,149.1218,2086,0.0,1.0
2016-05-26,38.0,38.0,37.5,37.5,147.8991,1006,0.0,1.0
2016-05-27,37.27,37.27,37.2056,37.2056,146.738,347,0.0,1.0
2016-05-31,37.2056,37.2056,37.2056,37.2056,146.738,50,0.0,1.0
2016-06-01,37.1299,37.1899,36.7,36.7,144.744,1125,0.0,1.0
2016-06-02,36.919,36.919,36.4191,36.4191,143.6361,604,0.0,1.0
2016-06-03,36.6658,36.6658,36.4,36.5699,144.2308,5050,0.0,1.0
2016-06-06,36.155,36.77,36.0,36.585,144.2904,1939,0.0,1.0
2016-06-07,35.9,36.099,35.562,36.0099,142.0222,1345,0.0,1.0
2016-06-08,35.9,36.38,35.9,36.0595,142.2178,3285,0.0,1.0
2016-06-09,36.15,36.15,35.99,35.99,141.9437,300,0.0,1.0
2016-06-10,36.59,36.59,36.21,36.5601,144.1922,850,0.0,1.0
2016-06-13,36.37,36.77,36.25,36.77,145.02,300,0.0,1.0
2016-06-14,38.12,38.12,36.55,37.16,146.5582,2642,0.0,1.0
2016-06-15,37.54,37.54,37.007,37.007,145.9548,447,0.0,1.0
2016-06-16,37.7732,37.7732,37.25,37.55,148.0963,2525,0.0,1.0
2016-06-17,37.6872,37.6872,37.3944,37.3944,147.4827,1507,0.0,1.0
2016-06-20,35.891,36.728,35.891,36.728,144.8544,250,0.0,1.0
2016-06-21,36.456,36.456,36.2,36.2001,142.7724,1201,0.0,1.0
2016-06-22,36.2001,36.2001,36.2001,36.2001,142.7724,0,0.0,1.0
2016-06-23,34.75,35.1362,34.75,35.1362,138.5764,565,0.0,1.0
2016-06-24,37.1,38.2,37.1,38.2,150.6599,1815,0.0,1.0
2016-06-27,39.3,41.06,39.1,41.04,161.8608,4796,0.0,1.0
2016-06-28,38.9501,39.32,38.9501,39.32,155.0772,721,0.0,1.0
2016-06-29,36.97,37.88,36.89,37.6,148.2935,2571,0.0,1.0
2016-06-30,36.55,36.55,36.05,36.05,142.1804,901,0.0,1.0
2016-07-01,36.3499,36.3499,36.3,36.3,143.1664,309,0.0,1.0
2016-07-05,36.3,36.3,36.3,36.3,143.1664,140,0.0,1.0
2016-07-06,37.71,37.98,37.58,37.58,148.2147,635,0.0,1.0
2016-07-07,36.3,36.3,36.3,36.3,143.1664,712,0.0,1.0
2016-07-08,35.3455,35.35,34.4625,34.4625,135.9193,1784,0.0,1.0
2016-07-11,34.34,34.34,33.5799,33.5799,132.4384,1367,0.0,1.0
2016-07-12,32.8319,33.0649,32.8319,32.95,129.954,728,0.0,1.0
2016-07-13,32.57,32.7799,32.1701,32.708,128.9996,1081,0.0,1.0
2016-07-14,32.298,32.298,31.8457,31.9857,126.1509,1230,0.0,1.0
2016-07-15,32.419,32.419,32.33,32.3434,127.5616,1050,0.0,1.0
2016-07-18,31.9367,31.9367,31.889,31.889,125.7695,260,0.0,1.0
2016-07-19,31.76,32.1099,31.76,32.1099,126.6407,420,0.0,1.0
2016-07-20,31.2101,31.25,31.0951,31.0951,122.6384,1101,0.0,1.0
2016-07-21,31.3821,31.798,31.297,31.798,125.4106,502,0.0,1.0
2016-07-22,31.38,31.5099,31.38,31.46,124.0775,34355,0.0,1.0
2016-07-25,30.91,30.91,30.591,30.7802,121.3964,1505,0.0,1.0
2016-07-26,29.57,30.1881,28.75,29.4437,116.1253,3543,0.0,1.0
2016-07-27,28.3853,29.21,28.3853,28.67,113.0738,5886,0.0,1.0
2016-07-28,29.135,29.42,28.93,29.23,115.2824,2594,0.0,1.0
2016-07-29,29.395,29.52,29.35,29.35,115.7557,737,0.0,1.0
2016-08-01,29.35,29.35,29.35,29.35,115.7557,4,0.0,1.0
2016-08-02,30.5199,30.5199,30.5,30.51,120.3307,2620,0.0,1.0
2016-08-03,30.51,30.51,30.51,30.51,120.3307,35,0.0,1.0
2016-08-04,29.73,29.9,29.56,29.56,116.584,739,0.0,1.0
2016-08-05,28.5,28.5999,28.5,28.5989,112.7934,1202,0.0,1.0
2016-08-08,28.74,28.94,28.6458,28.6458,112.9784,1610,0.0,1.0
2016-08-09,28.45,28.62,28.1212,28.545,112.5808,6517,0.0,1.0
2016-08-10,28.818,28.818,28.818,28.818,113.6575,425,0.0,1.0
2016-08-11,28.88,29.0,28.88,28.93,114.0993,801,0.0,1.0
2016-08-12,28.532,28.79,28.4268,28.79,113.5471,1961,0.0,1.0
2016-08-15,29.33,29.33,27.92,27.99,110.3919,2194,0.0,1.0
2016-08-16,27.801,27.801,27.801,27.801,109.6465,140,0.0,1.0
2016-08-17,28.0,28.42,28.0,28.42,112.0878,2427,0.0,1.0
2016-08-18,27.875,28.53,27.875,28.13,110.9441,39105,0.0,1.0
2016-08-19,28.19,28.2,27.16,27.59,108.8143,15669,0.0,1.0
2016-08-22,27.76,27.76,27.14,27.3,107.6706,18563,0.0,1.0
2016-08-23,27.53,27.53,26.604,27.17,107.1579,16352,0.0,1.0
2016-08-24,27.68,27.68,27.0,27.64,109.0115,15066,0.0,1.0
2016-08-25,28.0,28.0,27.1,27.41,108.1044,19862,0.0,1.0
2016-08-26,27.73,27.73,26.5301,27.18,107.1973,19936,0.0,1.0
2016-08-29,27.45,27.6499,26.5501,26.8321,105.8252,23502,0.0,1.0
2016-08-30,27.01,27.17,26.409,26.93,106.2113,26604,0.0,1.0
2016-08-31,27.42,27.42,26.83,27.01,106.5268,18492,0.0,1.0
2016-09-01,27.34,27.34,26.41,26.41,104.1604,23337,0.0,1.0
2016-09-02,26.4822,26.7372,26.2201,26.576,104.8151,7104,0.0,1.0
2016-09-06,26.6,26.93,26.45,26.61,104.9492,14328,0.0,1.0
2016-09-07,26.57,27.07,26.5,27.04,106.6451,12894,0.0,1.0
2016-09-08,27.81,27.81,26.932,27.0399,106.6447,7754,0.0,1.0
2016-09-09,27.7125,28.8699,27.4679,28.8699,113.8622,20295,0.0,1.0
2016-09-12,28.7,29.01,27.5,27.615,108.9129,16969,0.0,1.0
2016-09-13,28.0,28.3,27.591,28.09,110.7863,11222,0.0,1.0
2016-09-14,28.0,28.0,27.65,27.76,109.4848,3755,0.0,1.0
2016-09-15,28.24,28.24,26.24,26.24,103.49,11527,0.0,1.0
2016-09-16,26.04,26.37,25.73,25.91,102.1884,13059,0.0,1.0
2016-09-19,25.5,26.2988,25.18,26.14,103.0956,8532,0.0,1.0
2016-09-20,26.14,26.5299,26.1,26.39,104.0816,2567,0.0,1.0
2016-09-21,25.9404,26.53,25.7358,25.85,101.9518,7089,0.0,1.0
2016-09-22,25.5,25.7899,25.4,25.7899,101.7148,2952,0.0,1.0
2016-09-23,25.65,26.36,25.65,26.36,103.9632,8556,0.0,1.0
2016-09-26,26.505,26.92,26.505,26.88,106.0141,13635,0.0,1.0
2016-09-27,26.6,26.6,25.8301,25.98,102.4645,7738,0.0,1.0
2016-09-28,26.28,26.28,25.518,25.735,101.4982,8300,0.0,1.0
2016-09-29,25.97,25.97,25.1,25.3,99.7826,6854,0.0,1.0
2016-09-30,24.7,24.7,24.194,24.38,96.1542,9640,0.0,1.0
2016-10-03,24.3785,24.9125,24.26,24.91,98.2445,5576,0.0,1.0
2016-10-04,24.811,25.25,24.811,25.01,98.6389,5209,0.0,1.0
2016-10-05,25.53,25.53,24.31,24.51,96.6669,10166,0.0,1.0
2016-10-06,24.74,24.95,24.23,24.27,95.7203,13433,0.0,1.0
2016-10-07,24.02,24.6343,24.02,24.35,96.0358,5754,0.0,1.0
2016-10-10,24.0,24.699,22.47,24.577,96.9311,31742,0.0,1.0
2016-10-11,24.84,25.97,24.78,25.46,100.4137,25928,0.0,1.0
2016-10-12,25.98,26.1608,25.55,25.65,101.163,6200,0.0,1.0
2016-10-13,26.5888,26.9144,25.65,25.97,102.4251,97010,0.0,1.0
2016-10-14,25.52,25.7612,25.17,25.66,101.2024,40600,0.0,1.0
2016-10-17,25.51,25.99,25.51,25.99,102.504,18426,0.0,1.0
2016-10-18,25.4,25.4,24.83,25.29,99.7432,11165,0.0,1.0
2016-10-19,25.96,26.444,25.88,26.0935,102.9122,21364,0.0,1.0
2016-10-20,26.245,26.385,25.75,25.8899,102.1092,3547,0.0,1.0
2016-10-21,25.8081,26.0147,25.8081,26.0147,102.6014,1179,0.0,1.0
2016-10-24,25.56,25.56,25.1,25.1,98.9938,5754,0.0,1.0
2016-10-25,25.2,25.32,25.04,25.22,99.4671,6940,0.0,1.0
2016-10-26,25.19,25.29,25.0798,25.21,99.4277,2940,0.0,1.0
2016-10-27,25.2222,25.4439,25.2194,25.4439,100.3502,1628,0.0,1.0
2016-10-28,25.01,25.96,24.99,25.9199,102.2275,406574,0.0,1.0
2016-10-31,25.96,25.96,25.319,25.72,101.4391,17617,0.0,1.0
2016-11-01,25.37,26.4466,25.37,26.11,102.9772,7336,0.0,1.0
2016-11-02,25.6,26.44,25.6,26.18,103.2533,4409,0.0,1.0
2016-11-03,26.18,26.616,26.05,26.556,104.7363,3400,0.0,1.0
2016-11-04,27.0,27.1,26.5033,26.8199,105.7771,4440,0.0,1.0
2016-11-07,25.77,25.8,25.29,25.3,99.7826,3856,0.0,1.0
2016-11-08,25.512,25.512,24.84,25.12,99.0727,5556,0.0,1.0
2016-11-09,26.5,26.5,25.46,25.51,100.6109,6029,0.0,1.0
2016-11-10,25.0,26.98,25.0,26.2,103.3322,12248,0.0,1.0
2016-11-11,26.23,26.23,24.77,24.771,97.6963,9284,0.0,1.0
2016-11-14,24.58,25.3,24.44,25.3,99.7826,13337,0.0,1.0
2016-11-15,24.57,24.57,24.1162,24.48,96.5486,5199,0.0,1.0
2016-11-16,24.1,24.3438,23.997,24.0901,95.0108,6202,0.0,1.0
2016-11-17,23.8381,23.8381,23.4,23.68,93.3934,12180,0.0,1.0
2016-11-18,23.5906,23.5906,23.24,23.43,92.4074,2553,0.0,1.0
2016-11-21,23.0546,23.2849,23.0546,23.11,91.1453,3338,0.0,1.0
2016-11-22,22.568,22.68,22.311,22.311,87.9941,29811,0.0,1.0
2016-11-23,22.6598,22.6598,22.4101,22.49,88.7,8290,0.0,1.0
2016-11-25,22.5,22.5,22.3885,22.43,88.4634,991,0.0,1.0
2016-11-28,22.39,22.49,22.2834,22.49,88.7,1603,0.0,1.0
2016-11-29,22.345,22.49,22.2601,22.49,88.7,2143,0.0,1.0
2016-11-30,22.584,22.78,22.531,22.78,89.8438,5553,0.0,1.0
2016-12-01,23.0931,25.24,23.0931,25.24,99.546,436305,0.0,1.0
2016-12-02,24.7371,24.7371,24.17,24.17,95.3259,2951,0.0,1.0
2016-12-05,23.75,23.89,23.57,23.89,94.2216,3010,0.0,1.0
2016-12-06,23.3753,23.5,23.2248,23.2248,91.5981,1393,0.0,1.0
2016-12-07,23.289,23.289,22.4,22.4,88.3451,3398,0.0,1.0
2016-12-08,22.17,22.21,21.69,21.982,86.6965,4935,0.0,1.0
2016-12-09,21.55,22.25,21.55,22.129,87.2763,3315,0.0,1.0
2016-12-12,22.41,22.4889,22.0829,22.3,87.9507,6132,0.0,1.0
2016-12-13,21.5801,21.6514,21.3,21.6514,85.3926,2182,0.0,1.0
2016-12-14,21.532,21.65,21.45,21.65,85.3871,1185,0.0,1.0
2016-12-15,21.2,21.2179,20.9,21.07,83.0996,5758,0.0,1.0
2016-12-16,21.3417,21.635,21.3417,21.57,85.0716,1459,0.0,1.0
2016-12-19,21.57,21.57,21.57,21.57,85.0716,93,0.0,1.0
2016-12-20,20.8,20.84,20.59,20.84,82.1925,5912,0.0,1.0
2016-12-21,20.82,20.84,20.6,20.6798,81.5607,4444,0.0,1.0
2016-12-22,20.5857,20.75,20.5857,20.62,81.3248,1005,0.0,1.0
2016-12-23,20.6023,20.6023,20.58,20.58,81.167,1183,0.0,1.0
2016-12-27,20.055,20.2678,19.99,19.99,78.8401,3948,0.0,1.0
2016-12-28,20.1,20.8099,20.1,20.8099,82.0738,3895,0.0,1.0
2016-12-29,21.01,21.075,20.8,20.8899,82.3893,34790,0.0,1.0
2016-12-30,21.2147,21.4582,21.2147,21.445,84.5786,2361,0.0,1.0
2017-01-03,21.54,21.66,20.725,21.4282,84.5123,1726,0.0,1.0
2017-01-04,21.3146,21.32,21.275,21.275,83.9081,522,0.0,1.0
2017-01-05,21.28,21.6562,21.28,21.6562,85.4116,606,0.0,1.0
2017-01-06,21.6562,21.6562,21.6562,21.6562,85.4116,14,0.0,1.0
2017-01-09,20.9491,21.0699,20.805,21.0399,82.9809,970,0.0,1.0
2017-01-10,20.655,20.655,20.65,20.65,81.4431,1718,0.0,1.0
2017-01-11,20.8788,20.8788,20.6982,20.6982,81.6332,520,0.0,1.0
2017-01-12,21.0996,21.38,20.92,20.92,82.508,5212,0.0,1.0
2017-01-13,20.66,20.82,20.59,20.6347,81.3828,1703,0.0,1.0
2017-01-17,21.3644,21.3644,21.3644,21.3644,84.2607,136,0.0,1.0
2017-01-18,20.9078,20.9078,20.9078,20.9078,82.4599,185,0.0,1.0
2017-01-19,20.58,20.77,20.58,20.77,81.9164,760,0.0,1.0
2017-01-20,20.51,20.51,20.22,20.5,80.8515,1736,0.0,1.0
2017-01-23,21.4503,21.4503,21.36,21.36,84.2433,465,0.0,1.0
2017-01-24,20.83,20.83,20.2663,20.2663,79.9298,1740,0.0,1.0
2017-01-25,20.1,20.1,19.71,19.72,77.7752,19431,0.0,1.0
2017-01-26,19.96,20.005,19.96,20.005,78.8993,678,0.0,1.0
2017-01-27,19.65,19.6699,19.5,19.59,77.2625,4020,0.0,1.0
2017-01-30,19.85,19.9,19.85,19.8975,78.4753,1204,0.0,1.0
2017-01-31,20.5549,20.5549,20.5,20.5,80.8515,481,0.0,1.0
2017-02-01,20.61,20.61,20.61,20.61,81.2854,588,0.0,1.0
2017-02-02,20.0131,20.05,20.005,20.005,78.8993,465,0.0,1.0
2017-02-03,19.89,19.89,19.8,19.8,78.0907,740,0.0,1.0
2017-02-06,19.98,19.98,19.98,19.98,78.8007,638,0.0,1.0
2017-02-07,19.635,19.6451,19.55,19.6451,77.4798,2730,0.0,1.0
2017-02-08,19.55,19.55,19.5,19.52,76.9864,1858,0.0,1.0
2017-02-09,19.65,19.95,19.65,19.95,78.6823,983,0.0,1.0
2017-02-10,19.65,20.0499,19.65,19.99,78.8401,2501,0.0,1.0
2017-02-13,19.8301,19.9299,19.8301,19.9,78.4851,3468,0.0,1.0
2017-02-14,19.72,19.9597,19.72,19.89,78.4457,2168,0.0,1.0
2017-02-15,19.9,19.956,19.6058,19.6058,77.3248,3490,0.0,1.0
2017-02-16,19.45,19.6447,19.45,19.52,76.9864,2770,0.0,1.0
2017-02-17,19.79,19.79,19.391,19.391,76.4777,6029,0.0,1.0
2017-02-21,19.0,19.0,18.88,18.88,74.4623,2134,0.0,1.0
2017-02-22,19.0,19.09,18.8639,18.8639,74.3988,1522,0.0,1.0
2017-02-23,19.5553,19.5553,19.455,19.48,76.8287,643,0.0,1.0
2017-02-24,19.55,19.6,19.4453,19.4453,76.6918,1237,0.0,1.0
2017-02-27,19.0,19.0984,19.0,19.0575,75.1623,432,0.0,1.0
2017-02-28,19.5494,19.5494,19.5,19.5,76.9075,482,0.0,1.0
2017-03-01,19.39,19.4153,19.0,19.005,74.9553,2972,0.0,1.0
2017-03-02,19.26,19.26,19.26,19.26,75.961,205,0.0,1.0
2017-03-03,19.26,19.26,19.26,19.26,75.961,5,0.0,1.0
2017-03-06,19.52,19.53,19.45,19.45,76.7104,884,0.0,1.0
2017-03-07,19.14,19.14,19.14,19.14,75.4877,114,0.0,1.0
2017-03-08,18.99,18.99,18.99,18.99,74.8961,170,0.0,1.0
2017-03-09,18.99,18.99,18.99,18.99,74.8961,59,0.0,1.0
2017-03-10,18.99,18.99,18.99,18.99,74.8961,131,0.0,1.0
2017-03-13,18.59,18.59,18.59,18.59,73.3185,296,0.0,1.0
2017-03-14,18.59,18.59,18.59,18.59,73.3185,16,0.0,1.0
2017-03-15,18.6035,18.65,18.4501,18.48,72.8847,175800,0.0,1.0
2017-03-16,18.4583,18.4583,18.4583,18.4583,72.7991,153,0.0,1.0
2017-03-17,18.31,18.31,18.25,18.29,72.1353,655,0.0,1.0
2017-03-20,18.322,18.3399,18.051,18.06,71.2282,3065,0.0,1.0
2017-03-21,18.1,19.03,18.1,19.03,75.0539,2515,0.0,1.0
2017-03-22,18.8,19.07,18.66,18.73,73.8707,24292,0.0,1.0
2017-03-23,18.5843,18.69,18.49,18.59,73.3185,3950,0.0,1.0
2017-03-24,18.51,18.65,18.06,18.54,73.1213,2686,0.0,1.0
2017-03-27,18.55,18.97,18.2,18.51,73.003,18662,0.0,1.0
2017-03-28,18.5,18.5,18.0,18.34,72.3325,11317,0.0,1.0
2017-03-29,18.34,18.34,18.34,18.34,72.3325,3,0.0,1.0
2017-03-30,18.15,18.15,18.07,18.07,71.2677,440,0.0,1.0
2017-03-31,18.07,18.07,18.07,18.07,71.2677,10,0.0,1.0
2017-04-03,18.32,18.33,18.2613,18.3,72.1748,1385,0.0,1.0
2017-04-04,18.3,18.3,18.3,18.3,72.1748,5,0.0,1.0
2017-04-05,18.235,18.65,18.09,18.65,73.5552,1647,0.0,1.0
2017-04-06,18.705,18.705,18.53,18.53,73.0819,845,0.0,1.0
2017-04-07,18.4958,18.5,18.42,18.5,72.9636,1927,0.0,1.0
2017-04-10,18.57,18.73,18.57,18.63,73.4763,1200,0.0,1.0
2017-04-11,19.2203,19.5577,18.9837,19.19,75.6849,5060,0.0,1.0
2017-04-12,19.05,19.79,19.05,19.79,78.0513,4857,0.0,1.0
2017-04-13,19.5,19.9,19.36,19.85,78.2879,4086,0.0,1.0
2017-04-17,20.0,20.0,19.46,19.46,76.7498,1155,0.0,1.0
2017-04-18,19.5559,19.5559,19.3387,19.3387,76.2714,927,0.0,1.0
2017-04-19,19.02,19.0613,18.8,19.0613,75.1773,3224,0.0,1.0
2017-04-20,18.8984,18.8984,18.4816,18.56,73.2002,2140,0.0,1.0
2017-04-21,18.81,18.81,18.5601,18.5601,73.2006,1247,0.0,1.0
2017-04-24,18.25,18.27,18.205,18.25,71.9776,2220,0.0,1.0
2017-04-25,17.84,18.09,17.53,17.78,70.1239,2031,0.0,1.0
2017-04-26,18.0215,18.0215,18.02,18.02,71.0705,365,0.0,1.0
2017-04-27,17.77,17.77,17.6,17.6,69.414,405,0.0,1.0
2017-04-28,17.74,18.44,17.74,18.27,72.0565,1682,0.0,1.0
2017-05-01,18.27,18.27,18.0945,18.153,71.595,1132,0.0,1.0
2017-05-02,18.153,18.153,18.153,18.153,71.595,52,0.0,1.0
2017-05-03,18.0489,18.0489,17.8974,17.9718,70.8804,2244,0.0,1.0
2017-05-04,17.8931,18.01,17.8931,18.01,71.031,2501,0.0,1.0
2017-05-05,18.01,18.01,18.01,18.01,71.031,5,0.0,1.0
2017-05-08,18.01,18.01,18.01,18.01,71.031,7,0.0,1.0
2017-05-09,18.01,18.01,18.01,18.01,71.031,14,0.0,1.0
2017-05-10,17.45,17.46,17.08,17.25,68.0336,170990,0.0,1.0
2017-05-11,17.1553,17.26,17.0056,17.13,67.5603,1124,0.0,1.0
2017-05-12,16.97,16.9968,16.97,16.9968,67.035,600,0.0,1.0
2017-05-15,16.5,16.66,16.35,16.55,65.2728,7851,0.0,1.0
2017-05-16,16.2,16.4789,15.96,15.96,62.9459,5901,0.0,1.0
2017-05-17,16.44,17.38,16.44,17.38,68.5463,4424,0.0,1.0
2017-05-18,17.4,17.4,16.6272,16.6272,65.5773,2009,0.0,1.0
2017-05-19,16.5,16.5,16.278,16.34,64.4446,4928,0.0,1.0
2017-05-22,16.117,16.12,15.84,15.84,62.4726,1728,0.0,1.0
2017-05-23,16.0699,16.2,15.96,16.05,63.3008,7760,0.0,1.0
2017-05-24,15.84,15.92,15.84,15.9,62.7092,708,0.0,1.0
2017-05-25,15.8209,15.8209,15.6052,15.6052,61.5465,2320,0.0,1.0
2017-05-26,15.7,15.7,15.48,15.6,61.526,145965,0.0,1.0
2017-05-30,15.43,15.478,15.32,15.45,60.9344,1804,0.0,1.0
2017-05-31,15.39,15.425,15.36,15.425,60.8358,1692,0.0,1.0
2017-06-01,15.485,15.63,15.485,15.55,61.3288,805,0.0,1.0
2017-06-02,15.15,15.15,15.0,15.02,59.2385,45640,0.0,1.0
2017-06-05,15.0,15.07,14.87,15.07,59.4357,1361,0.0,1.0
2017-06-06,14.935,15.05,14.6983,15.04,59.3174,2748,0.0,1.0
2017-06-07,14.83,14.87,14.77,14.87,58.6469,1603,0.0,1.0
2017-06-08,14.67,14.67,14.4,14.4,56.7933,191399,0.0,1.0
2017-06-09,14.1,15.72,14.01,15.3413,60.5057,20834,0.0,1.0
2017-06-12,15.89,16.04,15.32,15.58,61.4472,11206,0.0,1.0
2017-06-13,15.73,15.73,14.98,15.46,60.9739,3379,0.0,1.0
2017-06-14,15.7,15.83,15.31,15.76,62.1571,5591,0.0,1.0
2017-06-15,16.52,16.52,15.74,16.01,63.1431,6268,0.0,1.0
2017-06-16,15.895,16.06,15.895,16.0,63.1036,2381,0.0,1.0
2017-06-19,15.8,15.8,15.4,15.5,61.1316,2039,0.0,1.0
2017-06-20,15.22,15.57,15.22,15.55,61.3288,731,0.0,1.0
2017-06-21,15.83,15.83,15.58,15.58,61.4472,2444,0.0,1.0
2017-06-22,15.41,15.83,15.41,15.65,61.7232,2123,0.0,1.0
2017-06-23,15.65,15.65,15.49,15.515,61.1908,1986,0.0,1.0
2017-06-26,15.57,16.05,15.57,15.8925,62.6797,3277,0.0,1.0
2017-06-27,16.1231,16.8,16.1231,16.8,66.2588,17281,0.0,1.0
2017-06-28,16.83,16.83,16.055,16.19,63.853,32465,0.0,1.0
2017-06-29,16.79,17.23,16.3936,16.85,66.456,121860,0.0,1.0
2017-06-30,17.0,17.22,16.6165,16.92,66.7321,62318,0.0,1.0
2017-07-03,17.28,17.433,16.7,17.38,68.5463,17595,0.0,1.0
2017-07-05,17.63,17.63,16.75,16.84,66.4166,12527,0.0,1.0
2017-07-06,17.19,17.26,16.67,16.98,66.9687,136736,0.0,1.0
2017-07-07,17.22,17.22,16.28,16.42,64.7601,73751,0.0,1.0
2017-07-10,16.36,16.86,16.04,16.0639,63.3557,35452,0.0,1.0
2017-07-11,16.0,16.21,15.772,15.86,62.5515,42163,0.0,1.0
2017-07-12,15.78,15.78,15.281,15.3122,60.391,26155,0.0,1.0
2017-07-13,15.41,15.41,15.09,15.29,60.3034,56786,0.0,1.0
2017-07-14,15.1,15.147,14.81,14.82,58.4497,24695,0.0,1.0
2017-07-17,14.8,15.06,14.8,14.97,59.0413,40191,0.0,1.0
2017-07-18,15.0,15.1174,14.87,14.87,58.6469,12916,0.0,1.0
2017-07-19,14.8,14.9054,14.6901,14.7,57.9765,15495,0.0,1.0
2017-07-20,14.6,14.97,14.6,14.749,58.1697,11547,0.0,1.0
2017-07-21,15.0,15.05,14.86,14.98,59.0808,9013,0.0,1.0
2017-07-24,15.28,15.28,14.905,15.07,59.4357,13992,0.0,1.0
2017-07-25,15.14,15.27,14.905,14.97,59.0413,13498,0.0,1.0
2017-07-26,14.75,14.86,14.55,14.66,57.8187,11888,0.0,1.0
2017-07-27,14.7,15.4999,14.56,15.21,59.9879,13027,0.0,1.0
2017-07-28,15.33,15.33,15.04,15.11,59.5935,9742,0.0,1.0
2017-07-31,15.0,15.41,14.7,15.4,60.7372,3675,0.0,1.0
2017-08-01,15.13,15.43,15.13,15.19,59.909,4567,0.0,1.0
2017-08-02,14.82,15.37,14.82,15.31,60.3823,49771,0.0,1.0
2017-08-03,15.414,15.45,15.3533,15.38,60.6584,18436,0.0,1.0
2017-08-04,15.09,15.42,15.09,15.42,60.8161,3090,0.0,1.0
2017-08-07,15.22,15.22,14.87,14.9399,58.9226,3037,0.0,1.0
2017-08-08,14.85,15.1199,14.64,14.87,58.6469,9923,0.0,1.0
2017-08-09,15.36,15.36,14.99,15.06,59.3963,11798,0.0,1.0
2017-08-10,15.49,15.75,15.19,15.74,62.0782,22105,0.0,1.0
2017-08-11,15.8,15.95,15.6,15.7,61.9204,8375,0.0,1.0
2017-08-14,15.3,15.3,14.86,14.86,58.6075,7749,0.0,1.0
2017-08-15,14.77,15.07,14.77,14.85,58.5681,7436,0.0,1.0
2017-08-16,14.85,14.97,14.65,14.88,58.6864,4945,0.0,1.0
2017-08-17,14.83,15.59,14.83,15.5701,61.4081,8928,0.0,1.0
2017-08-18,15.99,15.99,15.22,15.45,60.9344,3417,0.0,1.0
2017-08-21,15.835,16.0,15.73,15.7334,62.0522,2928,0.0,1.0
2017-08-22,15.445,15.445,15.2,15.2696,60.223,4878,0.0,1.0
2017-08-23,15.37,15.37,15.17,15.17,59.8301,2161,0.0,1.0
2017-08-24,15.145,15.34,15.12,15.2,59.9484,5050,0.0,1.0
2017-08-25,15.14,15.469,15.14,15.4345,60.8733,7490,0.0,1.0
2017-08-28,15.4,15.43,15.38,15.4,60.7372,2896,0.0,1.0
2017-08-29,15.74,15.74,15.32,15.32,60.4217,4171,0.0,1.0
2017-08-30,15.1472,15.18,14.8424,14.86,58.6075,4005,0.0,1.0
2017-08-31,14.7,14.7232,14.5695,14.57,57.4637,8756,0.0,1.0
2017-09-01,14.41,14.5,14.1,14.47,57.0693,12531,0.0,1.0
2017-09-05,14.75,15.0825,14.6325,14.9399,58.9226,5489,0.0,1.0
2017-09-06,14.8799,14.8799,14.615,14.615,57.6412,2275,0.0,1.0
2017-09-07,14.61,14.83,14.61,14.79,58.3314,5276,0.0,1.0
2017-09-08,15.06,15.2,15.0128,15.2,59.9484,8375,0.0,1.0
2017-09-11,14.92,14.92,14.45,14.47,57.0693,11377,0.0,1.0
2017-09-12,14.45,14.5,14.3299,14.33,56.5172,10545,0.0,1.0
2017-09-13,14.34,14.34,14.21,14.248,56.1938,1370,0.0,1.0
2017-09-14,14.25,14.3488,13.981,14.09,55.5706,6141,0.0,1.0
2017-09-15,13.89,13.9,13.62,13.6721,53.9224,9620,0.0,1.0
2017-09-18,13.6,13.6,13.09,13.3,52.4549,8205,0.0,1.0
2017-09-19,13.14,13.39,13.12,13.192,52.0289,6988,0.0,1.0
2017-09-20,13.17,13.89,13.17,13.605,53.6578,14178,0.0,1.0
2017-09-21,13.47,13.84,13.47,13.65,53.8353,29060,0.0,1.0
2017-09-22,14.03,14.03,13.49,13.5,53.2437,16676,0.0,1.0
2017-09-25,13.5,14.1604,13.5,14.0399,55.373,7232,0.0,1.0
2017-09-26,14.0,14.1,13.71,13.99,55.1762,8143,0.0,1.0
2017-09-27,13.8,13.8,13.21,13.3902,52.8106,37920,0.0,1.0
2017-09-28,13.34,13.36,13.12,13.12,51.745,20612,0.0,1.0
2017-09-29,13.02,13.1061,12.9,12.9,50.8773,9769,0.0,1.0
2017-10-02,13.0,13.0,12.65,12.75,50.2857,14365,0.0,1.0
2017-10-03,12.62,12.7163,12.58,12.67,49.9702,5768,0.0,1.0
2017-10-04,12.61,12.81,12.36,12.63,49.8124,80327,0.0,1.0
2017-10-05,12.48,12.69,12.48,12.52,49.3786,8427,0.0,1.0
2017-10-06,12.52,12.59,12.4229,12.45,49.1025,11788,0.0,1.0
2017-10-09,12.45,12.45,12.19,12.21,48.156,7754,0.0,1.0
2017-10-10,12.19,12.348,12.09,12.12,47.801,5035,0.0,1.0
2017-10-11,12.14,12.1507,11.98,12.0335,47.4598,8099,0.0,1.0
2017-10-12,12.04,12.0658,11.985,12.05,47.5249,2196,0.0,1.0
2017-10-13,11.89,11.98,11.89,11.9301,47.052,1295,0.0,1.0
2017-10-16,11.9,11.99,11.87,11.87,46.815,4202,0.0,1.0
2017-10-17,11.88,11.93,11.87,11.8792,46.8513,11963,0.0,1.0
2017-10-18,11.79,12.08,11.79,11.795,46.5192,12154,0.0,1.0
2017-10-19,12.0,12.15,11.77,11.77,46.4206,9164,0.0,1.0
2017-10-20,11.66,11.6759,11.57,11.6759,46.0495,1853,0.0,1.0
2017-10-23,11.58,11.605,11.4208,11.52,45.4346,2434,0.0,1.0
2017-10-24,11.39,11.53,11.36,11.3933,44.9349,8150,0.0,1.0
2017-10-25,11.45,11.845,11.45,11.61,45.7896,3693,0.0,1.0
2017-10-26,11.5,11.52,11.4601,11.5,45.3557,3094,0.0,1.0
2017-10-27,11.31,11.31,10.76,10.78,42.5161,6130,0.0,1.0
2017-10-30,10.83,10.83,10.64,10.73,42.3189,3808,0.0,1.0
2017-10-31,10.7,10.7,10.4363,10.579,41.7233,2503,0.0,1.0
2017-11-01,10.36,10.6,10.36,10.44,41.1751,3728,0.0,1.0
2017-11-02,10.45,10.5058,10.32,10.32,40.7018,4095,0.0,1.0
2017-11-03,10.29,10.4025,10.06,10.06,39.6764,12196,0.0,1.0
2017-11-06,9.95,10.04,9.75,9.75,38.4538,8028,0.0,1.0
2017-11-07,9.76,9.9,9.75,9.84,38.8087,6563,0.0,1.0
2017-11-08,9.9,9.9,9.75,9.75,38.4538,13606,0.0,1.0
2017-11-09,9.93,10.36,9.93,10.0733,39.7289,20367,0.0,1.0
2017-11-10,10.025,10.0732,9.92,9.99,39.4003,8986,0.0,1.0
2017-11-13,9.9925,9.9925,9.87,9.87,38.9271,3639,0.0,1.0
2017-11-14,9.9567,10.04,9.94,10.02,39.5186,9633,0.0,1.0
2017-11-15,10.11,10.231,10.025,10.025,39.5384,8628,0.0,1.0
2017-11-16,9.9099,9.9099,9.68,9.7663,38.5181,7248,0.0,1.0
2017-11-17,9.69,9.935,9.69,9.935,39.1834,4712,0.0,1.0
2017-11-20,9.71,9.74,9.7,9.7,38.2566,739,0.0,1.0
2017-11-21,9.62,9.62,9.52,9.5351,37.6062,12859,0.0,1.0
2017-11-22,9.6,9.65,9.5997,9.6301,37.9809,2925,0.0,1.0
2017-11-24,9.5,9.5099,9.49,9.49,37.4283,9812,0.0,1.0
2017-11-27,9.57,9.7191,9.57,9.67,38.1383,8200,0.0,1.0
2017-11-28,9.68,9.75,9.6672,9.71,38.296,3450,0.0,1.0
2017-11-29,9.73,10.645,9.73,10.4477,41.2055,38811,0.0,1.0
2017-11-30,10.4,10.4,10.1418,10.3112,40.6671,12678,0.0,1.0
2017-12-01,10.4075,10.97,10.405,10.5,41.4118,14032,0.0,1.0
2017-12-04,10.24,11.12,10.24,10.9684,43.2591,20675,0.0,1.0
2017-12-05,11.2,11.24,10.715,11.09,43.7387,15233,0.0,1.0
2017-12-06,11.215,11.215,10.95,10.95,43.1865,8473,0.0,1.0
2017-12-07,10.65,10.823,10.65,10.77,42.4766,9883,0.0,1.0
2017-12-08,10.595,10.88,10.595,10.8768,42.8978,9039,0.0,1.0
2017-12-11,10.74,10.92,10.73,10.79,42.5555,15491,0.0,1.0
2017-12-12,10.9,11.0,10.84,11.0,43.3837,8973,0.0,1.0
2017-12-13,10.88,10.965,10.7926,10.965,43.2457,2692,0.0,1.0
2017-12-14,11.05,11.05,10.865,10.919,43.0643,2083,0.0,1.0
2017-12-15,10.62,10.9063,10.5,10.62,41.885,13524,0.0,1.0
2017-12-18,10.11,10.36,10.02,10.02,39.5186,17539,0.0,1.0
2017-12-19,10.15,10.1642,10.005,10.115,39.8933,2484,0.0,1.0
2017-12-20,9.95,10.065,9.825,9.95,39.2426,9510,0.0,1.0
2017-12-21,10.05,10.1135,9.99,10.1,39.8342,7869,0.0,1.0
2017-12-22,10.241,10.3,10.14,10.14,39.9919,11493,0.0,1.0
2017-12-26,10.5,10.5,10.31,10.35,40.8202,5277,0.0,1.0
2017-12-27,10.171,10.285,10.171,10.285,40.5638,1239,0.0,1.0
2017-12-28,10.234,10.234,10.185,10.2121,40.2763,2496,0.0,1.0
2017-12-29,10.28,10.38,10.255,10.38,40.9385,16654,0.0,1.0
2018-01-02,10.43,10.43,9.93,9.93,39.1637,5844,0.0,1.0
2018-01-03,9.8,9.84,9.69,9.69,38.2171,13006,0.0,1.0
2018-01-04,9.63,9.8395,9.63,9.66,38.0988,56524,0.0,1.0
2018-01-05,9.58,9.6,9.421,9.55,37.665,10876,0.0,1.0
2018-01-08,9.7,9.7,9.3557,9.4,37.0734,7980,0.0,1.0
2018-01-09,9.5,9.59,9.5,9.58,37.7833,6763,0.0,1.0
2018-01-10,9.94,9.96,9.775,9.92,39.1243,22460,0.0,1.0
2018-01-11,9.89,9.9,9.69,9.76,38.4932,13187,0.0,1.0
2018-01-12,9.76,9.76,9.6,9.675,38.158,14853,0.0,1.0
2018-01-16,9.39,9.7,9.39,9.585,37.803,15183,0.0,1.0
2018-01-17,9.4606,9.47,9.07,9.07,35.7719,18212,0.0,1.0
2018-01-18,9.05,9.0984,8.95,9.03,35.6141,41850,0.0,1.0
2018-01-19,9.08,9.1437,9.0001,9.0001,35.4962,4192,0.0,1.0
2018-01-22,9.0,9.0,8.86,8.86,34.9436,4434,0.0,1.0
2018-01-23,8.77,8.86,8.749,8.7845,34.6459,4970,0.0,1.0
2018-01-24,8.87,9.215,8.82,9.08,35.8113,16656,0.0,1.0
2018-01-25,9.13,9.3637,9.09,9.32,36.7579,5407,0.0,1.0
2018-01-26,9.07,9.07,8.69,8.69,34.2732,17283,0.0,1.0
2018-01-29,8.714,8.77,8.63,8.64,34.076,16367,0.0,1.0
2018-01-30,8.98,9.0499,8.8362,9.04,35.6536,24764,0.0,1.0
2018-01-31,8.83,8.9727,8.8,8.96,35.338,4516,0.0,1.0
2018-02-01,8.99,9.0393,8.83,9.0393,35.6508,5322,0.0,1.0
2018-02-02,9.27,9.63,9.27,9.63,37.9805,29979,0.0,1.0
2018-02-05,9.78,10.55,9.41,10.2824,40.5535,85433,0.0,1.0
2018-02-06,10.65,10.75,9.76,9.76,38.4932,43510,0.0,1.0
2018-02-07,9.76,9.97,9.48,9.97,39.3214,18894,0.0,1.0
2018-02-08,9.92,10.75,9.796,10.75,42.3978,18442,0.0,1.0
2018-02-09,10.42,11.0,10.025,10.0272,39.547,24126,0.0,1.0
2018-02-12,9.7366,10.08,9.7,9.8,38.651,22950,0.0,1.0
2018-02-13,9.965,9.965,9.75,9.75,38.4538,5037,0.0,1.0
2018-02-14,10.14,10.14,9.3221,9.3221,36.7661,14876,0.0,1.0
2018-02-15,9.265,9.5,9.2,9.2,36.2846,5250,0.0,1.0
2018-02-16,9.15,9.15,8.98,9.13,36.0085,8355,0.0,1.0
2018-02-20,8.99,9.0299,8.7542,8.955,35.3183,22612,0.0,1.0
2018-02-21,8.9599,9.05,8.765,9.04,35.6536,34402,0.0,1.0
2018-02-22,9.15,9.2,8.97,9.1,35.8902,17292,0.0,1.0
2018-02-23,8.9,8.94,8.75,8.75,34.5098,6559,0.0,1.0
2018-02-26,8.59,8.62,8.2735,8.2925,32.7054,13550,0.0,1.0
2018-02-27,8.19,8.2489,8.02,8.2449,32.5177,3944,0.0,1.0
2018-02-28,8.36,8.41,8.27,8.3,32.735,2542,0.0,1.0
2018-03-01,8.54,8.99,8.5,8.8,34.707,10659,0.0,1.0
2018-03-02,9.19,9.19,8.59,8.59,33.8788,15915,0.0,1.0
2018-03-05,8.6,8.6,8.36,8.37,33.0111,2695,0.0,1.0
2018-03-06,8.29,8.29,8.06,8.07,31.8279,7234,0.0,1.0
2018-03-07,8.1863,8.1863,8.0542,8.1336,32.0787,6184,0.0,1.0
2018-03-08,8.0,8.1134,7.92,8.095,31.9265,5366,0.0,1.0
2018-03-09,7.93,7.93,7.71,7.7159,30.4313,5426,0.0,1.0
2018-03-12,7.683,7.69,7.572,7.572,29.8638,3206,0.0,1.0
2018-03-13,7.5,7.824,7.35,7.79,30.7236,13864,0.0,1.0
2018-03-14,7.814,7.83,7.785,7.785,30.7039,4810,0.0,1.0
2018-03-15,7.7,7.86,7.695,7.7597,30.6041,3670,0.0,1.0
2018-03-16,7.8,7.8,7.776,7.776,30.6684,561,0.0,1.0
2018-03-19,8.03,8.32,7.98,8.18,32.2617,9754,0.0,1.0
2018-03-20,8.008,8.008,7.9,7.92,31.2363,2094,0.0,1.0
2018-03-21,7.925,7.95,7.75,7.94,31.3152,4180,0.0,1.0
2018-03-22,8.62,8.62,8.02,8.255,32.5575,20230,0.0,1.0
2018-03-23,8.46,8.84,8.42,8.84,34.8648,22550,0.0,1.0
2018-03-26,8.5,8.6679,8.0647,8.0647,31.807,18277,0.0,1.0
2018-03-27,8.04,8.84,7.92,8.72,34.3915,26588,0.0,1.0
2018-03-28,8.75,9.1699,8.68,9.04,35.6536,18509,0.0,1.0
2018-03-29,8.9288,8.9782,8.44,8.57,33.7999,17274,0.0,1.0
2018-04-02,8.75,9.49,8.621,9.27,36.5607,53964,0.0,1.0
2018-04-03,8.93,9.19,8.9,8.9,35.1014,8370,0.0,1.0
2018-04-04,9.32,9.41,8.68,8.68,34.2337,20552,0.0,1.0
2018-04-05,8.7041,8.9699,8.69,8.84,34.8648,25106,0.0,1.0
2018-04-06,9.01,9.499,8.9,9.4,37.0734,22740,0.0,1.0
2018-04-09,9.35,9.35,8.72,9.3175,36.748,22088,0.0,1.0
2018-04-10,8.7174,8.89,8.5856,8.68,34.2337,11991,0.0,1.0
2018-04-11,8.7319,8.76,8.6,8.633,34.0484,14288,0.0,1.0
2018-04-12,8.5,8.5373,8.275,8.32,32.8139,7117,0.0,1.0
2018-04-13,8.0,8.36,8.0,8.35,32.9322,3721,0.0,1.0
2018-04-16,8.37,8.46,8.2749,8.335,32.873,14046,0.0,1.0
2018-04-17,8.12,8.1355,7.99,8.014,31.607,2336,0.0,1.0
2018-04-18,8.23,8.25,7.98,8.095,31.9265,15119,0.0,1.0
2018-04-19,8.535,8.84,8.5255,8.79,34.6676,34967,0.0,1.0
2018-04-20,8.79,9.09,8.7,8.95,35.2986,51654,0.0,1.0
2018-04-23,8.95,9.27,8.9,9.26,36.5212,9067,0.0,1.0
2018-04-24,9.16,9.49,8.811,9.41,37.1128,41584,0.0,1.0
2018-04-25,9.42,9.709,9.17,9.44,37.2311,56888,0.0,1.0
2018-04-26,9.0,9.16,8.9,8.99,35.4564,20231,0.0,1.0
2018-04-27,8.67,9.11,8.601,9.05,35.693,36482,0.0,1.0
2018-04-30,9.11,9.319,8.87,9.22,36.3635,20583,0.0,1.0
2018-05-01,9.38,9.38,8.9201,8.95,35.2986,63963,0.0,1.0
2018-05-02,8.95,9.13,8.88,9.1288,36.0038,164829,0.0,1.0
2018-05-03,9.239,9.3552,8.8901,8.99,35.4564,12345,0.0,1.0
2018-05-04,8.99,9.13,8.5401,8.5401,33.682,25850,0.0,1.0
2018-05-07,8.54,8.54,8.25,8.3404,32.8943,14352,0.0,1.0
2018-05-08,8.25,8.38,8.23,8.34,32.8928,30864,0.0,1.0
2018-05-09,8.17,8.19,7.96,7.96,31.3941,27404,0.0,1.0
2018-05-10,7.77,7.85,7.67,7.7,30.3686,253318,0.0,1.0
2018-05-11,7.7165,7.775,7.625,7.75,30.5658,11967,0.0,1.0
2018-05-14,7.67,7.67,7.48,7.5749,29.8752,15666,0.0,1.0
2018-05-15,7.859,7.98,7.8211,7.93,31.2757,209062,0.0,1.0
2018-05-16,7.76,7.76,7.61,7.61,30.0137,12200,0.0,1.0
2018-05-17,7.65,7.78,7.57,7.74,30.5264,8300,0.0,1.0
2018-05-18,7.85,7.91,7.85,7.9,31.1574,4150,0.0,1.0
2018-05-21,7.81,7.87,7.6,7.87,31.0391,20606,0.0,1.0
2018-05-22,7.6152,7.75,7.585,7.75,30.5658,12504,0.0,1.0
2018-05-23,7.8,7.81,7.64,7.64,30.132,17388,0.0,1.0
2018-05-24,15.181,15.27,15.04,15.04,29.6587,3166,0.0,0.5
2018-05-25,15.0,15.0,14.8,14.8,29.1854,1480,0.0,1.0
2018-05-29,14.6129,15.0158,14.61,14.91,29.4023,6148,0.0,1.0
2018-05-30,14.4657,14.7829,14.4657,14.7829,29.1517,1902,0.0,1.0
2018-05-31,14.69,14.98,14.69,14.94,29.4615,16353,0.0,1.0
2018-06-01,14.83,14.83,14.255,14.3,28.1994,8171,0.0,1.0
2018-06-04,14.14,14.2501,13.8978,13.95,27.5092,12490,0.0,1.0
2018-06-05,13.9101,13.918,13.82,13.86,27.3318,103569,0.0,1.0
2018-06-06,13.9675,13.99,13.82,13.82,27.2529,6533,0.0,1.0
2018-06-07,13.7625,14.21,13.752,14.02,27.6473,27740,0.0,1.0
2018-06-08,14.34,14.48,14.21,14.28,28.16,6586,0.0,1.0
2018-06-11,14.32,14.49,14.32,14.32,28.2389,16530,0.0,1.0
2018-06-12,14.3138,14.3138,14.13,14.19,27.9825,6723,0.0,1.0
2018-06-13,14.1113,14.35,14.01,14.275,28.1501,10869,0.0,1.0
2018-06-14,14.13,14.24,14.06,14.15,27.9036,2166,0.0,1.0
2018-06-15,14.37,14.38,14.1944,14.1944,27.9912,4748,0.0,1.0
2018-06-18,14.64,14.82,14.6,14.63,28.8502,4897,0.0,1.0
2018-06-19,15.04,15.31,14.78,14.78,29.146,22575,0.0,1.0
2018-06-20,14.39,14.7512,14.39,14.589,28.8298,3887,0.0307,1.0
2018-06-21,14.52,15.039,14.52,15.039,29.7191,14796,0.0,1.0
2018-06-22,15.039,15.25,15.0056,15.1699,29.9777,2260,0.0,1.0
2018-06-25,15.6,16.5546,15.6,16.3,32.211,27854,0.0,1.0
2018-06-26,16.3299,16.3426,16.06,16.06,31.7367,11654,0.0,1.0
2018-06-27,16.101,16.915,16.101,16.83,33.2583,18854,0.0,1.0
2018-06-28,16.9594,17.16,16.7,16.7494,33.099,7675,0.0,1.0
2018-06-29,16.535,16.67,16.3,16.67,32.9421,11025,0.0,1.0
2018-07-02,17.24,17.24,16.53,16.56,32.7247,4577,0.0,1.0
2018-07-03,16.31,16.9661,16.31,16.96,33.5152,5816,0.0,1.0
2018-07-05,16.75,16.75,16.1201,16.13,31.875,11996,0.0,1.0
2018-07-06,16.11,16.2739,15.705,15.72,31.0648,15624,0.0,1.0
2018-07-09,15.8054,15.85,15.58,15.58,30.7881,2618,0.0,1.0
2018-07-10,15.3382,15.3382,15.15,15.25,30.136,7579,0.0,1.0
2018-07-11,15.66,15.979,15.64,15.895,31.4106,10306,0.0,1.0
2018-07-12,16.204,16.204,15.72,15.8,31.2229,16831,0.0,1.0
2018-07-13,15.8,15.94,15.7975,15.94,31.4995,4151,0.0,1.0
2018-07-16,15.7997,15.95,15.75,15.95,31.5193,5477,0.0,1.0
2018-07-17,15.94,15.9422,15.727,15.755,31.134,2325,0.0,1.0
2018-07-18,15.5,15.5,15.42,15.4771,30.5848,19630,0.0,1.0
2018-07-19,15.75,15.75,15.4377,15.4377,30.5069,690,0.0,1.0
2018-07-20,15.676,15.676,15.676,15.676,30.9778,100,0.0,1.0
2018-07-23,16.116,16.116,15.63,15.63,30.8869,919,0.0,1.0
2018-07-24,15.4075,15.8599,15.25,15.84,31.3019,6944,0.0,1.0
2018-07-25,15.8827,16.242,15.7,15.7,31.0253,2320,0.0,1.0
2018-07-26,15.3341,15.52,15.3,15.3,30.2348,5808,0.0,1.0
2018-07-27,15.5562,15.95,15.5,15.88,31.381,5067,0.0,1.0
2018-07-30,15.7,16.3125,15.7,16.15,31.9145,5405,0.0,1.0
2018-07-31,15.75,16.04,15.75,16.04,31.6972,2542,0.0,1.0
2018-08-01,15.99,16.06,15.77,16.06,31.7367,2497,0.0,1.0
2018-08-02,16.15,16.2,15.7,15.7,31.0253,2095,0.0,1.0
2018-08-03,15.6,15.6,15.566,15.566,30.7605,2763,0.0,1.0
2018-08-06,15.5501,15.5501,15.4637,15.4637,30.5583,2484,0.0,1.0
2018-08-07,15.05,15.29,15.05,15.1146,29.8684,5470,0.0,1.0
2018-08-08,15.05,15.05,14.96,14.96,29.5629,1581,0.0,1.0
2018-08-09,14.96,14.96,14.96,14.96,29.5629,3,0.0,1.0
2018-08-10,15.7453,16.068,15.7453,15.9521,31.5235,3290,0.0,1.0
2018-08-13,15.924,15.924,15.875,15.875,31.3711,1661,0.0,1.0
2018-08-14,15.875,15.875,15.875,15.875,31.3711,250,0.0,1.0
2018-08-15,16.5,16.64,16.5,16.592,32.788,7079,0.0,1.0
2018-08-16,16.519,16.5199,16.21,16.4036,32.4157,10619,0.0,1.0
2018-08-17,16.75,17.28,16.75,16.84,33.2781,8780,0.0,1.0
2018-08-20,17.18,17.3794,16.7216,17.0,33.5942,110352,0.0,1.0
2018-08-21,17.1,17.1,16.2001,16.2999,32.2108,66361,0.0,1.0
2018-08-22,16.71,16.71,16.0,16.11,31.8355,102256,0.0,1.0
2018-08-23,16.0,16.08,15.77,16.0332,31.6837,24502,0.0,1.0
2018-08-24,16.0,16.0,15.6,15.6,30.8277,5396,0.0,1.0
2018-08-27,15.31,15.4999,15.0,15.12,29.8791,15424,0.0,1.0
2018-08-28,15.0,15.25,15.0,15.0397,29.7204,4378,0.0,1.0
2018-08-29,15.03,15.0702,14.94,14.9477,29.5386,7797,0.0,1.0
2018-08-30,14.97,15.3,14.97,15.3,30.2348,17266,0.0,1.0
2018-08-31,15.15,15.15,15.03,15.1399,29.9184,7529,0.0,1.0
2018-09-04,15.2067,15.2072,14.88,14.88,29.4048,9684,0.0,1.0
2018-09-05,14.81,15.3226,14.81,15.101,29.8416,6506,0.0,1.0
2018-09-06,15.3,15.9,15.3,15.9,31.4205,38467,0.0,1.0
2018-09-07,16.0,16.11,15.5321,16.06,31.7367,22793,0.0,1.0
2018-09-10,16.0,16.0,15.7035,15.8158,31.2541,4221,0.0,1.0
2018-09-11,16.13,16.186,15.9,16.14,31.8948,8291,0.0,1.0
2018-09-12,16.32,17.18,16.32,16.5724,32.7493,35189,0.0,1.0
2018-09-13,16.01,16.2098,15.8,16.01,31.6379,9294,0.0,1.0
2018-09-14,15.89,16.0,15.699,15.7884,31.2,2454,0.0,1.0
2018-09-17,15.9,16.27,15.86,16.27,32.1517,6839,0.0,1.0
2018-09-18,16.28,16.28,15.6411,15.93,31.4798,4895,0.0,1.0
2018-09-19,15.99,15.99,15.7408,15.84,31.3019,6928,0.0,1.0
2018-09-20,15.77,15.77,15.3784,15.5,30.63,5510,0.0,1.0
2018-09-21,15.6,15.73,15.4,15.6,30.8277,8995,0.0,1.0
2018-09-24,15.61,15.885,15.436,15.51,30.6498,3498,0.0,1.0
2018-09-25,15.901,15.95,15.85,15.9321,31.4839,1958,0.0,1.0
2018-09-26,16.11,16.11,15.7901,16.1048,31.9013,3338,0.0385,1.0
2018-09-27,16.0156,16.0156,15.9679,15.9679,31.6301,1315,0.0,1.0
2018-09-28,15.98,15.999,15.485,15.6,30.9013,11035,0.0,1.0
2018-10-01,15.63,15.63,15.2306,15.39,30.4853,9630,0.0,1.0
2018-10-02,15.21,15.21,14.8877,14.97,29.6534,3468,0.0,1.0
2018-10-03,15.03,15.26,15.03,15.03,29.7722,1585,0.0,1.0
2018-10-04,15.4,15.9311,15.4,15.7281,31.1551,21889,0.0,1.0
2018-10-05,15.85,16.7,15.85,16.4,32.486,28187,0.0,1.0
2018-10-08,16.83,16.96,16.4,16.793,33.2645,18418,0.0,1.0
2018-10-09,16.9414,16.96,16.83,16.86,33.3972,1848,0.0,1.0
2018-10-10,17.09,18.3605,17.09,18.3605,36.3695,45058,0.0,1.0
2018-10-11,18.38,19.0203,17.84,18.69,37.0222,31038,0.0,1.0
2018-10-12,17.56,18.8142,17.56,18.28,36.21,34512,0.0,1.0
2018-10-15,18.17,18.67,18.17,18.4,36.4477,10649,0.0,1.0
2018-10-16,18.0614,18.18,17.37,17.37,34.4074,22830,0.0,1.0
2018-10-17,17.01,17.81,16.9601,17.7099,35.0807,8384,0.0,1.0
2018-10-18,18.0784,18.42,17.901,18.405,36.4576,6741,0.0,1.0
2018-10-19,18.01,19.1799,18.0,18.98,37.5966,10720,0.0,1.0
2018-10-22,18.7716,19.11,18.4913,18.4913,36.6286,8931,0.0,1.0
2018-10-23,19.9025,20.1499,18.84,19.1035,37.8412,46627,0.0,1.0
2018-10-24,19.9008,21.77,19.8371,21.77,43.1232,38995,0.0,1.0
2018-10-25,21.2,21.348,20.1225,20.56,40.7264,48091,0.0,1.0
2018-10-26,21.78,21.78,20.43,21.0417,41.6805,42924,0.0,1.0
2018-10-29,20.45,22.47,20.0,21.8,43.1826,36702,0.0,1.0
2018-10-30,21.53,21.53,19.68,19.68,38.9832,32053,0.0,1.0
2018-10-31,19.1,19.34,18.7,19.34,38.3097,53471,0.0,1.0
2018-11-01,19.62,19.62,17.6,17.78,35.2196,42515,0.0,1.0
2018-11-02,18.4,18.59,17.65,18.2807,36.2114,27808,0.0,1.0
2018-11-05,18.55,19.05,18.39,18.491,36.628,17038,0.0,1.0
2018-11-06,18.69,18.69,18.105,18.28,36.21,23542,0.0,1.0
2018-11-07,17.98,18.2299,17.62,17.72,35.1007,17941,0.0,1.0
2018-11-08,17.8,17.99,17.55,17.89,35.4375,91880,0.0,1.0
2018-11-09,18.87,18.87,18.2183,18.33,36.309,19591,0.0,1.0
2018-11-12,18.71,20.2166,18.71,19.98,39.5775,13409,0.0,1.0
2018-11-13,20.48,20.48,18.87,19.5,38.6266,9213,0.0,1.0
2018-11-14,19.15,19.7741,18.7207,19.3574,38.3442,12539,0.0,1.0
2018-11-15,19.202,19.265,18.195,18.265,36.1803,11368,0.0,1.0
2018-11-16,20.09,20.09,18.8,18.8966,37.4314,71236,0.0,1.0
2018-11-19,19.05,20.5069,19.05,20.5069,40.6212,24110,0.0,1.0
2018-11-20,21.75,21.75,19.75,20.3301,40.271,54502,0.0,1.0
2018-11-21,19.7,20.4354,19.7,20.4354,40.4795,8720,0.0,1.0
2018-11-23,21.31,21.31,20.3,20.3582,40.3266,2017,0.0,1.0
2018-11-26,20.16,20.28,19.67,19.67,38.9634,7733,0.0,1.0
2018-11-27,19.85,20.0,19.3725,19.75,39.1219,11313,0.0,1.0
2018-11-28,19.58,19.86,18.71,18.72,37.0816,36831,0.0,1.0
2018-11-29,18.73,19.095,18.73,18.7608,37.1624,2376,0.0,1.0
2018-11-30,18.82,18.82,18.33,18.33,36.309,1607,0.0,1.0
2018-12-03,17.08,17.92,16.9937,17.61,34.8828,33515,0.0,1.0
2018-12-04,17.96,19.35,17.919,19.35,38.3295,11508,0.0,1.0
2018-12-06,20.33,20.33,19.12,19.12,37.8739,55650,0.0,1.0
2018-12-07,19.07,21.0,19.07,20.86,41.3206,11180,0.0,1.0
2018-12-10,20.85,20.85,19.671,19.79,39.2011,16252,0.0,1.0
2018-12-11,19.0537,19.94,18.9879,19.94,39.4982,8060,0.0,1.0
2018-12-12,19.3,19.3965,18.75,19.1,37.8343,9633,0.0,1.0
2018-12-13,18.8,19.488,18.8,19.3663,38.3618,5936,0.0,1.0
2018-12-14,19.5786,19.75,19.183,19.75,39.1219,7572,0.0,1.0
2018-12-17,20.0,20.61,19.3001,20.4477,40.5039,15480,0.0,1.0
2018-12-18,19.4991,19.745,19.22,19.64,38.904,16231,0.0,1.0
2018-12-19,19.76,21.63,19.6923,21.38,42.3507,17098,0.0,1.0
2018-12-20,21.41,22.2988,20.8747,21.91,43.4005,21523,0.0,1.0
2018-12-21,21.4036,22.6594,21.0201,22.36,44.2919,12428,0.0,1.0
2018-12-24,22.7,23.69,22.7,23.66,46.867,68299,0.0,1.0
2018-12-26,23.65,23.76,21.1231,21.1439,41.9992,13762,0.0587,1.0
2018-12-27,22.24,22.24,20.8826,20.97,41.6538,26011,0.0,1.0
2018-12-28,20.3,20.7878,19.7079,20.5324,40.7845,6564,0.0,1.0
2018-12-31,20.0613,20.5661,20.0613,20.4531,40.627,2630,0.0,1.0
2019-01-02,20.709,20.709,19.6742,20.02,39.7667,104769,0.0,1.0
2019-01-03,21.19,22.32,20.88,22.32,44.3353,48452,0.0,1.0
2019-01-04,21.25,21.5083,20.18,20.2,40.1243,12972,0.0,1.0
2019-01-07,20.52,20.52,19.17,19.452,38.6385,93159,0.0,1.0
2019-01-08,19.39,20.3048,19.0,19.642,39.0159,8755,0.0,1.0
2019-01-09,19.14,19.56,18.7,18.83,37.403,23299,0.0,1.0
2019-01-10,19.41,19.41,18.33,18.33,36.4098,21941,0.0,1.0
2019-01-11,18.38,18.72,17.8,17.963,35.6808,32956,0.0,1.0
2019-01-14,18.6016,18.7026,18.34,18.427,36.6025,13703,0.0,1.0
2019-01-15,18.1181,18.5,18.0901,18.4099,36.5685,5877,0.0,1.0
2019-01-16,18.36,18.83,18.2165,18.7369,37.2181,32755,0.0,1.0
2019-01-17,18.74,18.998,18.1384,18.25,36.2509,14198,0.0,1.0
2019-01-18,17.78,18.0,17.3386,17.5172,34.7953,23787,0.0,1.0
2019-01-22,18.08,18.7582,17.864,18.69,37.1249,16074,0.0,1.0
2019-01-23,18.58,19.08,18.2982,18.72,37.1845,11685,0.0,1.0
2019-01-24,18.31,18.31,16.8,16.8,33.3707,44721,0.0,1.0
2019-01-25,16.8,17.4715,16.51,16.6449,33.0626,17289,0.0,1.0
2019-01-28,17.48,17.7955,17.2235,17.27,34.3043,11061,0.0,1.0
2019-01-29,17.12,17.94,17.12,17.8662,35.4885,14010,0.0,1.0
2019-01-30,17.22,17.6356,16.8752,17.1,33.9666,16312,0.0,1.0
2019-01-31,17.26,17.26,16.9,17.0632,33.8935,14103,0.0,1.0
2019-02-01,17.0,17.09,16.46,16.5623,32.8985,22716,0.0,1.0
2019-02-04,16.76,16.76,16.3251,16.3251,32.4274,6970,0.0,1.0
2019-02-05,16.46,16.46,15.901,16.146,32.0716,13294,0.0,1.0
2019-02-06,16.05,16.05,15.13,15.3506,30.4917,30694,0.0,1.0
2019-02-07,15.85,16.27,15.72,16.1412,32.0621,10800,0.0,1.0
2019-02-08,17.42,17.42,16.03,16.03,31.8412,46226,0.0,1.0
2019-02-11,16.14,16.14,15.86,15.8998,31.5826,5910,0.0,1.0
2019-02-12,15.65,15.65,15.27,15.27,30.3316,6941,0.0,1.0
2019-02-13,15.09,15.2,14.85,15.1611,30.1153,11102,0.0,1.0
2019-02-14,15.165,15.165,14.8,14.82,29.4377,5770,0.0,1.0
2019-02-15,14.52,14.86,14.52,14.8325,29.4625,3573,0.0,1.0
2019-02-19,15.04,15.04,14.63,14.7559,29.3104,3151,0.0,1.0
2019-02-20,14.54,14.7546,14.5,14.5598,28.9209,6725,0.0,1.0
2019-02-21,14.68,15.01,14.68,14.98,29.7555,21206,0.0,1.0
2019-02-22,14.79,14.79,14.38,14.5676,28.9364,17737,0.0,1.0
2019-02-25,14.23,14.2658,13.95,14.2658,28.3369,17520,0.0,1.0
2019-02-26,14.3059,14.46,14.2976,14.4338,28.6706,23424,0.0,1.0
2019-02-27,14.6295,14.9999,14.5,14.7305,29.2599,16715,0.0,1.0
2019-02-28,14.97,14.97,14.6323,14.74,29.2788,4951,0.0,1.0
2019-03-01,14.57,14.76,14.3001,14.32,28.4445,25838,0.0,1.0
2019-03-04,14.08,14.65,14.07,14.4419,28.6867,8115,0.0,1.0
2019-03-05,14.4803,14.5236,14.32,14.32,28.4445,3453,0.0,1.0
2019-03-06,14.65,14.96,14.65,14.94,29.6761,9284,0.0,1.0
2019-03-07,15.47,15.47,15.05,15.3,30.3912,66943,0.0,1.0
2019-03-08,15.75,15.8,15.15,15.15,30.0932,63410,0.0,1.0
2019-03-11,15.34,15.34,14.41,14.604,29.0087,17062,0.0,1.0
2019-03-12,14.43,14.4464,14.26,14.4,28.6034,4047,0.0,1.0
2019-03-13,14.16,14.2899,13.97,14.1,28.0075,55687,0.0,1.0
2019-03-14,14.195,14.45,14.195,14.45,28.7028,4371,0.0,1.0
2019-03-15,14.19,14.19,13.4,13.51,26.8356,79805,0.0,1.0
2019-03-18,13.74,13.78,13.504,13.69,27.1931,6379,0.0,1.0
2019-03-19,13.54,13.54,13.27,13.36,26.5376,7297,0.0,1.0
2019-03-20,13.43,13.6056,13.3601,13.5274,26.9492,2285,0.0398,1.0
2019-03-21,13.71,13.71,12.5335,12.66,25.2211,21106,0.0,1.0
2019-03-22,13.0582,13.411,13.0327,13.411,26.7173,24102,0.0,1.0
2019-03-25,13.67,13.9099,13.58,13.58,27.054,18005,0.0,1.0
2019-03-26,13.1444,13.5121,13.0932,13.4471,26.7892,10805,0.0,1.0
2019-03-27,13.3091,13.8616,13.3091,13.7148,27.3225,7063,0.0,1.0
2019-03-28,13.67,13.8452,13.41,13.71,27.3129,3068,0.0,1.0
2019-03-29,13.59,13.59,13.2868,13.3642,26.624,13208,0.0,1.0
2019-04-01,13.0,13.1088,12.7332,12.7999,25.4999,10530,0.0,1.0
2019-04-02,12.68,12.9,12.68,12.76,25.4204,16380,0.0,1.0
2019-04-03,12.1769,12.33,11.94,12.3,24.504,23707,0.0,1.0
2019-04-04,12.28,12.3336,12.2,12.225,24.3545,5825,0.0,1.0
2019-04-05,12.2391,12.2391,12.0217,12.05,24.0059,33930,0.0,1.0
2019-04-08,12.25,12.25,12.04,12.04,23.986,5114,0.0,1.0
2019-04-09,12.04,12.4,12.04,12.38,24.6633,15845,0.0,1.0
2019-04-10,12.22,12.29,11.99,12.0,23.9063,10900,0.0,1.0
2019-04-11,12.1,12.1051,11.95,12.1051,24.1157,6154,0.0,1.0
2019-04-12,12.07,12.07,11.6901,11.75,23.4082,30434,0.0,1.0
2019-04-15,12.0,12.0,11.8665,11.885,23.6772,1353,0.0,1.0
2019-04-16,11.738,11.765,11.2904,11.3328,22.5771,18116,0.0,1.0
2019-04-17,10.6712,11.0,10.6616,10.8906,21.6962,27109,0.0,1.0
2019-04-18,10.9,11.04,10.8101,10.91,21.7348,13558,0.0,1.0
2019-04-22,11.12,11.12,10.85,10.8801,21.6752,5328,0.0,1.0
2019-04-23,10.6701,10.7487,10.63,10.705,21.3264,8472,0.0,1.0
2019-04-24,10.6,10.6,10.34,10.5216,20.961,21379,0.0,1.0
2019-04-25,10.69,11.0789,10.62,10.9151,21.745,15425,0.0,1.0
2019-04-26,11.55,11.8999,11.4207,11.497,22.9042,46046,0.0,1.0
2019-04-29,11.4905,11.6234,11.4066,11.6234,23.156,7816,0.0,1.0
2019-04-30,11.75,11.75,11.4,11.4708,22.852,13063,0.0,1.0
2019-05-01,11.36,11.6002,11.1431,11.6002,23.1098,40427,0.0,1.0
2019-05-02,11.73,11.73,11.1986,11.47,22.8504,11628,0.0,1.0
2019-05-03,11.4567,11.54,11.2374,11.2437,22.3996,15549,0.0,1.0
2019-05-06,11.78,11.9676,11.5449,11.564,23.0377,18030,0.0,1.0
2019-05-07,11.8504,12.2992,11.731,12.0996,24.1047,77057,0.0,1.0
2019-05-08,12.31,12.46,11.91,12.45,24.8028,43017,0.0,1.0
2019-05-09,13.18,13.31,12.692,12.84,25.5797,132836,0.0,1.0
2019-05-10,13.18,13.4185,12.68,12.8695,25.6385,29389,0.0,1.0
2019-05-13,13.47,14.0,13.325,13.8,27.4922,35252,0.0,1.0
2019-05-14,13.78,13.78,13.2053,13.325,26.546,17948,0.0,1.0
2019-05-15,13.5,13.58,13.001,13.24,26.3766,56822,0.0,1.0
2019-05-16,13.24,13.64,13.24,13.64,27.1735,15006,0.0,1.0
2019-05-17,13.93,14.1399,13.5694,14.0487,27.9877,33561,0.0,1.0
2019-05-20,14.95,15.3264,14.68,15.19,30.2614,63343,0.0,1.0
2019-05-21,14.79,14.79,14.07,14.44,28.7672,61548,0.0,1.0
2019-05-22,15.12,15.2,14.7743,15.0717,30.0257,20295,0.0,1.0
2019-05-23,15.6,16.0,15.43,15.63,31.138,57078,0.0,1.0
2019-05-24,30.45,31.64,30.4042,31.4689,31.346,16089,0.0,0.5
2019-05-28,31.79,32.5636,31.05,32.3256,32.1994,7930,0.0,1.0
2019-05-29,33.0,33.0,31.634,31.9045,31.7799,13098,0.0,1.0
2019-05-30,31.7,32.13,31.0,31.66,31.5364,23704,0.0,1.0
2019-05-31,32.56,32.56,31.41,32.37,32.2436,15001,0.0,1.0
2019-06-03,32.21,32.7881,31.2608,32.41,32.2835,7993,0.0,1.0
2019-06-04,31.28,31.85,29.8151,29.9,29.7833,16384,0.0,1.0
2019-06-05,28.95,30.4952,28.95,30.1237,30.0061,11786,0.0,1.0
2019-06-06,30.021,30.021,29.2,29.3628,29.2482,3546,0.0,1.0
2019-06-07,29.53,29.53,28.412,28.62,28.5083,10785,0.0,1.0
2019-06-10,27.77,27.77,26.6196,27.4,27.293,17804,0.0,1.0
2019-06-11,26.48,27.3277,26.48,26.9835,26.8781,12391,0.0,1.0
2019-06-12,27.93,28.2717,27.82,28.1729,28.0629,11464,0.0,1.0
2019-06-13,27.62,28.2699,27.62,27.994,27.8847,5739,0.0,1.0
2019-06-14,29.07,29.7333,29.05,29.089,28.9754,29282,0.0,1.0
2019-06-17,29.49,29.49,28.98,29.4435,29.3285,10801,0.0,1.0
2019-06-18,28.73,28.7611,26.4568,27.0311,26.9256,18545,0.0,1.0
2019-06-19,26.5,27.128,26.5,27.0688,26.9631,2345,0.0,1.0
2019-06-20,26.0,26.9778,25.838,26.58,26.4762,17895,0.0,1.0
2019-06-21,26.83,27.0,26.52,26.8502,26.7454,4422,0.0,1.0
2019-06-24,26.88,26.88,26.5119,26.81,26.7053,11890,0.0,1.0
2019-06-25,26.58,27.3859,26.4857,27.3859,27.3859,17866,0.1073,1.0
2019-06-26,26.49,26.49,25.3275,25.6104,25.6104,13327,0.0,1.0
2019-06-27,25.15,25.2267,24.8002,25.0157,25.0157,36891,0.0,1.0
2019-06-28,24.55,24.9,24.55,24.8615,24.8615,5475,0.0,1.0
2019-07-01,23.09,24.1401,22.74,23.95,23.95,25458,0.0,1.0
2019-07-02,24.11,24.5871,23.9835,24.4041,24.4041,2150,0.0,1.0
2019-07-03,24.66,24.98,24.576,24.576,24.576,15009,0.0,1.0
2019-07-05,24.8,25.1612,24.8,24.9023,24.9023,3891,0.0,1.0
2019-07-08,25.5,25.54,25.257,25.35,25.35,7240,0.0,1.0
2019-07-09,25.52,25.52,24.9237,24.9237,24.9237,3196,0.0,1.0
2019-07-10,24.22,24.6073,23.9128,24.54,24.54,13397,0.0,1.0
2019-07-11,24.4006,24.4871,24.1552,24.3865,24.3865,2877,0.0,1.0
2019-07-12,24.01,23.6953,23.5346,23.5346,23.5346,2535,0.0,1.0
